Company,Paddle,Core Thickness (mm),Condition,Price,Discount Code,Discount,Discounted Price,Shape,Manufacturing Process,Surface Texture,Surface Material,Core Material,Spin RPM,Spin Percentile,Length (in),Width (in),Handle Length (in),Static Weight (oz),Swing Weight,Swing Weight Percentile,Twist Weight,Twist Weight Percentile,Balance Point (cm),Balance Point Percentile,Serve Speed-MPH (Power),Power Percentile,Punch Volley Speed-MPH (Pop),Pop Percentile,Firepower (0-100)
11Six24,Hurache Control,16,New,$79.99,JOHNKEW,10%,$71.99,Elongated,Cold Layered,Peel Ply-Coarse,Toray Carbon Fiber,Polypropylene Honeycomb,"2,107",53%,16.5,7.5,5.5,7.4,106,11%,5.55,9%,23.7,36%,52.5,6%,33.9,15%,11
11Six24,Hurache-X Control,16,New,$139.99,JOHNKEW,10%,$125.99,Elongated,Thermoformed,Peel Ply-Coarse,Toray Carbon Fiber and Kevlar,Polypropylene Honeycomb,"1,847",19%,16.5,7.5,6,8.2,119,71%,6.4,51%,24.1,61%,55.3,51%,35,44%,48
11Six24,Hurache-X Control+,14,New,$139.99,JOHNKEW,10%,$125.99,Elongated,Thermoformed,Peel Ply-Coarse,Toray Carbon Fiber,Polypropylene Honeycomb,"2,203",73%,16.5,7.5,6,8.2,115.4,53%,6.15,36%,23.9,50%,55.6,59%,36.1,78%,68
11Six24,Hurache-X Control+,16,New,$149.90,JOHNKEW,10%,$134.91,Elongated,Thermoformed,Peel Ply-Coarse,Toray Carbon Fiber and Fiberglass,Polypropylene Honeycomb,"1,956",30%,16.5,7.5,6,8,117.4,66%,6.3,45%,24.2,68%,55.5,57%,35.4,60%,58
11Six24,Monarch All Court,16,New,$139.99,JOHNKEW,10%,$125.99,Wide Body,Thermoformed,Peel Ply-Coarse,Toray Carbon Fiber,Polypropylene Honeycomb,"2,131",61%,15.8,8.2,5.75,8.2,111.2,31%,7.36,96%,23.6,31%,56.2,79%,34.8,37%,58
11Six24,Monarch Control,16,New,$149.99,JOHNKEW,10%,$134.99,Wide Body,Thermoformed,Peel Ply-Coarse,Kevlar 3K Cloth,Polypropylene Honeycomb,"2,051",43%,15.8,8.2,5.75,8.2,110.2,29%,7.37,96%,23.4,21%,55.3,51%,35.1,48%,50
11Six24,Monarch Jelly Bean,16,New,$99.99,JOHNKEW,10%,$89.99,Wide Body,Cold Layered with Edge Foam,Peel Ply-Coarse,Toray Carbon Fiber,Polypropylene Honeycomb,"2,209",76%,15.8,8.2,5.75,7.9,107.2,17%,7.09,87%,23.7,36%,53.7,20%,33.6,11%,15
Ace,Heart,14,New,$189.99,JOHNKEW,10%,$170.99,Elongated,Thermoformed,Peel Ply-Coarse,T700 Carbon Fiber,Polypropylene Honeycomb,"2,260",82%,16.5,7.5,5.5,7.8,115.7,55%,5.8,21%,24.3,73%,55.6,59%,34.6,31%,45
Bird,Ball Hawk Classic,14,New,$199.00,,,$199.00,Standard,Cold Layered,Peel Ply-Coarse,T700 Carbon Fiber,Polypropylene Honeycomb,"2,099",51%,16,8,4.75,7.9,106,11%,7.05,86%,23.5,25%,51.3,1%,32.4,3%,2
Bird,Falcon Elite Ergo,14,New,$229.00,,,$229.00,Ergo,Cold Layered,Peel Ply-Coarse,T700 Carbon Fiber,Polypropylene Honeycomb,"1,806",16%,14.5,8,N/A,8.7,,,,,18.9,0%,52.8,10%,31,0%,5
Body Helix,X4 Gold Kevlar,16,New,$140.00,JOHNKEW,10%,$126.00,Hybrid,Thermoformed,Peel Ply-Coarse,Kevlar 3K Cloth,Polypropylene Honeycomb,"2,281",86%,16.3,7.8,5.4,8.1,115.9,55%,6.55,60%,24.1,61%,56.2,79%,35.5,64%,72
Bread & Butter,Drip Contender,16,New,$95.00,JOHNKEW,15%,$80.75,Elongated,Cold Layered,Grit,T700 Carbon Fiber,Polypropylene Honeycomb,"1,017",0%,16.4,7.5,5,8.3,,,,,,,,,,,
Bread & Butter,Drip Verge,16,New,$95.00,JOHNKEW,15%,$80.75,Elongated,Cold Layered,Grit,T700 Carbon Fiber,Polypropylene Honeycomb,"1,046",0%,16.4,7.5,5,8.3,,,,,,,,,,,
Bread & Butter,Fat Boy,16,New,$189.99,JOHNKEW,15%,$161.49,Wide Body,Thermoformed,Peel Ply-Coarse,3K Kevlar-Carbon Fiber Weave,Polypropylene Honeycomb,"2,069",46%,15.9,8.1,5.3,8,107.8,20%,7.11,88%,23.5,25%,54.4,29%,36.3,81%,55
Bread & Butter,Filth,16,New,$165.00,JOHNKEW,15%,$140.25,Elongated,Thermoformed,Peel Ply-Coarse,T700 Carbon Fiber,Polypropylene Honeycomb,"1,865",23%,16.5,7.4,5.5,7.9,121,78%,6.2,41%,24.2,68%,55.2,50%,35.6,66%,58
Bread & Butter,Loco,16,New,$165.00,JOHNKEW,15%,$140.25,Hybrid,Thermoformed,Peel Ply-Coarse,T700 Carbon Fiber,Polypropylene Honeycomb,"2,091",50%,16.3,7.7,5.3,7.7,113.7,42%,6.1,31%,24.1,61%,54.6,33%,35.2,52%,43
Bread & Butter,Shogun,16,New,$189.99,JOHNKEW,15%,$161.49,Elongated,Thermoformed,Peel Ply-Coarse,"Carbon Fiber & PET Fibers (""Titanium"")",Polypropylene Honeycomb,"2,004",37%,16.5,7.4,5.5,8.2,121.6,82%,6.13,34%,24.5,81%,55,43%,34.6,31%,37
Bread & Butter,Spear Breakout,13,New,$80.00,JOHNKEW,15%,$68.00,Standard,Cold Layered,Grit,T700 Carbon Fiber,Polypropylene Honeycomb,"1,156",2%,15.9,7.9,5,7.6,,,,,,,,,,,
Bread & Butter,Spear Juno,16,New,$80.00,JOHNKEW,15%,$68.00,Standard,Cold Layered,Grit,T700 Carbon Fiber,Polypropylene Honeycomb,"1,081",1%,15.9,7.9,5,7.6,,,,,,,,,,,
Cheetah,Predion E16 Edgeless,16,New,$200.00,JOHNKEW,10%,$180.00,Elongated,Thermoformed,Grit,3K Woven Carbon Fiber,Aramid Fiber Honeycomb,"1,556",8%,16.5,7.5,5.5,7.7,106,11%,5.37,7%,23.3,18%,52.8,10%,34.3,24%,17
Cheetah,Predion E16-with lead tape,16,New,$200.00,JOHNKEW,10%,$180.00,Elongated,Thermoformed,Grit,3K Woven Carbon Fiber,Aramid Fiber Honeycomb,"1,556",8%,16.5,7.5,5.5,8.4,115,48%,7.23,91%,23.5,25%,54.1,24%,34.3,24%,24
Chorus,Shapeshifter,16,New,$189.99,JOHNKEW,10%,$170.99,Hybrid,Thermoformed,Peel Ply-Coarse,18K Toray Carbon Fiber,Polypropylene Honeycomb,"2,139",61%,16.3,7.8,5.3,8.1,116.7,61%,6.61,66%,24.1,61%,55.7,65%,35.3,56%,60
Chorus,Shapeshifter with 5 grams tungsten tape,16,New,$189.99,JOHNKEW,10%,$170.99,Hybrid,Thermoformed,Peel Ply-Coarse,18K Toray Carbon Fiber,Polypropylene Honeycomb,"2,139",61%,16.3,7.8,5.3,8.4,117.8,67%,7,84%,23.7,36%,55.9,71%,35.2,52%,61
Chorus,Shapeshifter with 5 grams tungsten tape & 28-gram Slyce cap,16,New,$189.99,JOHNKEW,10%,$170.99,Hybrid,Thermoformed,Peel Ply-Coarse,18K Toray Carbon Fiber,Polypropylene Honeycomb,"2,139",61%,16.3,7.8,5.3,9.3,121.3,82%,7.11,88%,21.8,2%,56,73%,35.7,69%,71
Chorus,Supercourt,16,New,$119.99,JOHNKEW,10%,$107.99,Standard,Cold Layered,Peel Ply-Coarse,Carbon Fiber,Polypropylene Honeycomb,"2,033",41%,16,8,6.25,8,107,16%,6,27%,23.1,12%,55.9,71%,34.7,35%,53
Core,Reaction Pro Elongated,16,New,$124.99,,,$124.99,Elongated,Cold Layered,Peel Ply-Fine,T700 Carbon Fiber,Polypropylene Honeycomb,"1,863",22%,16.5,7.4,5.8,8.2,125.4,93%,6.03,28%,24.8,94%,54.4,29%,33.9,15%,22
Core,Reaction Pro Standard,16,New,$124.99,,,$124.99,Standard,Cold Layered,Peel Ply-Fine,T700 Carbon Fiber,Polypropylene Honeycomb,"1,892",25%,15.8,8,5.13,8.2,111.7,35%,7.25,93%,23.8,44%,53.5,18%,34,17%,17
CRBN,CRBN 1X,14,New,$229.99,JOHNKEW,10%,$206.99,Elongated,Thermoformed,Peel Ply-Coarse,Toray Carbon Fiber,Polypropylene Honeycomb,"2,244",80%,16.5,7.3,5.5,8,116,56%,5.78,20%,24.2,68%,54.7,36%,34.4,26%,31
CRBN,CRBN 2X,16,New,$229.99,JOHNKEW,10%,$206.99,Standard,Thermoformed,Peel Ply-Coarse,Toray Carbon Fiber,Polypropylene Honeycomb,"1,975",33%,15.8,8,4.75,8,110,26%,7.5,99%,23.5,25%,53.5,18%,34.4,26%,22
CRBN 1,CRBN1 Control,14,New,$179.99,JOHNKEW,10%,$161.99,Elongated,Cold Layered,Peel Ply-Coarse,T700 Carbon Fiber,Polypropylene Honeycomb,"2,171",67%,16.5,7.3,5.5,7.9,,,,,,,,,,,
CRBN 1,CRBN1 Control (USAP-Banned 2021),14,New,$179.99,JOHNKEW,10%,$161.99,Elongated,Cold Layered,Peel Ply-Coarse,T700 Carbon Fiber,Polypropylene Honeycomb,"1,943",30%,16.5,7.3,5.5,7.9,,,,,,,,,,,
Diadem,Edge 18K,16,New,$229.95,JOHNKEW,10%,$206.96,Elongated,Cold Layered,Peel Ply-Coarse,18k Carbon Fiber,Polypropylene Honeycomb,"2,304",89%,16.4,7.5,5.3,7.9,122,84%,6.25,44%,24.1,61%,53,14%,34.1,18%,16
Diadem,Hush,18,New,$189.95,JOHNKEW,10%,$170.96,Elongated,Thermoformed,Textured polyurethane,Thermoplastic Polyurethane,Carbon fiber frame with BASF materials,"2,776",100%,16.5,7.2,5.6,8.3,122.7,89%,5.13,2%,24.5,81%,62,100%,38.3,99%,100
Diadem,Icon V2 XL,13.7,New,$199.95,JOHNKEW,10%,$179.96,Standard,Hot Molded,Grit,Carbon Fiber (Japanese-Sourced),Polypropylene Honeycomb (2 sheets),"1,718",12%,16,7.6,5.25,8.2,125,92%,5.69,13%,24.5,81%,54.2,26%,35,44%,35
Diadem,Vice,16,New,$224.95,JOHNKEW,10%,$202.46,Elongated,Unibody Edgeless,Grit,Carbon Fiber,EVA Foam,"1,789",15%,16.4,7.4,5.3,7.9,114,43%,5.73,16%,,,59,98%,33.8,13%,56
Diadem,Warrior,19,New,$229.95,JOHNKEW,10%,$206.96,Elongated,Cold Layered,Grit,Carbon Fiber,Polypropylene + Aramid,"1,744",13%,16.4,7.4,5.3,8.6,133,100%,7.25,93%,24.7,92%,52.6,8%,31,0%,4
Dymon,Mayhem,16,New,$199.99,JOHNKEW,20%,$159.99,Elongated,Thermoformed,Peel Ply-Coarse,Toray Carbon Fiber,Kevlar honeycomb,"2,366",96%,16.5,7.5,4.25,7.8,110.6,30%,6.31,46%,23.8,44%,56.1,77%,35.7,69%,73
Electrum,Model E,16,Used-6 months,$119.99,JOHNKEW,10%,$107.99,Elongated,Cold Layered,Peel Ply-Coarse,Toray Carbon Fiber,Polypropylene Honeycomb,"1,575",9%,16.5,7.4,5.25,8.2,122,84%,6.8,75%,,,,,,,
Electrum,Model E Elite,16,New,$199.99,JOHNKEW,10%,$179.99,Elongated,Thermoformed,Peel Ply-Coarse,Toray Carbon Fiber,Polypropylene Honeycomb,"2,028",39%,16.5,7.4,5.25,8.4,124,90%,7.14,90%,24.7,92%,55.7,65%,35.7,69%,67
Electrum,Model E Stealth,16,New,$220.00,JOHNKEW,10%,$198.00,Elongated,Thermoformed,Peel Ply-Coarse,Toray Carbon Fiber,Polypropylene Honeycomb,"1,810",16%,16.5,7.3,5.38,7.7,107,16%,5,1%,23.3,18%,55.6,59%,35.6,66%,62
Electrum,Model E Stealth-with 0.5 oz. lead tape,16,New,$220.00,JOHNKEW,10%,$198.00,Elongated,Thermoformed,Peel Ply-Coarse,Toray Carbon Fiber,Polypropylene Honeycomb,"1,810",16%,16.5,7.3,5.38,8.2,109,24%,6.1,31%,23.2,15%,55,43%,35,44%,44
Electrum,Pro II,11,Used-1 month,$149.99,JOHNKEW,10%,$134.99,Standard,Hot Molded,Peel Ply-Coarse,Toray Carbon Fiber,Polypropylene Honeycomb,"2,089",49%,16,8,5.25,7.6,106,11%,6.75,73%,23.7,36%,51,0%,34.3,24%,12
Electrum,Pro II Stealth,12,New,$220.00,JOHNKEW,10%,$198.00,Standard,Thermoformed,Peel Ply-Coarse,Toray Carbon Fiber,Polypropylene Honeycomb,"2,204",73%,16,7.8,5.25,7,93,0%,4.83,1%,23.1,12%,53.1,14%,36.4,84%,49
Electrum,Pro II Stealth-with 0.5 oz. lead tape,12,New,$220.00,JOHNKEW,10%,$198.00,Standard,Thermoformed,Peel Ply-Coarse,Toray Carbon Fiber,Polypropylene Honeycomb,"2,204",73%,16,7.8,5.25,7.5,97,2%,6.35,47%,22.8,8%,55,43%,36,77%,60
Electrum,Pro Stealth,12,New,$220.00,JOHNKEW,10%,$198.00,Wide Body,Unibody Edgeless,Peel Ply-Coarse,Toray Carbon Fiber,Polypropylene Honeycomb,"1,927",29%,15.6,8.3,5,7.3,92,0%,5.63,12%,22.5,3%,52.6,8%,36.1,78%,43
Electrum,Pro Stealth-with 0.5 oz. lead tape,12,New,$220.00,JOHNKEW,10%,$198.00,Wide Body,Unibody Edgeless,Peel Ply-Coarse,Toray Carbon Fiber,Polypropylene Honeycomb,"1,927",29%,15.6,8.3,5,7.3,93,0%,6.9,80%,22.3,3%,55,43%,35.7,69%,56
Engage,Evolution Extreme V2.14,14,New,$159.99,JOHNKEW (at Pickleball Central),10%,$143.99,Elongated,Cold Layered with Edge Foam,Peel Ply-Coarse,Toray Carbon Fiber,Polypropylene Honeycomb,"1,915",27%,16.5,7.5,5.25,8,117.7,66%,6.38,49%,24.4,77%,53.2,15%,34.7,35%,25
Engage,Evolution Extreme V2.16,16,New,$159.99,JOHNKEW (at Pickleball Central),10%,$143.99,Elongated,Cold Layered with Edge Foam,Peel Ply-Coarse,Toray Carbon Fiber,Polypropylene Honeycomb,"2,082",48%,16.4,7.5,5.25,8.2,121.8,83%,6.66,69%,24.5,81%,54.6,33%,34.4,26%,30
Engage,Pursuit EX 6.0 Maxx,16,New,$259.99,JOHNKEW (at Pickleball Central),10%,$233.99,Standard,Cold Layered with Edge Foam,Frosted RCF,Toray Carbon Fiber,Polypropylene Honeycomb,"1,666",10%,16,8,5,8,115.6,54%,7.43,97%,24.5,81%,54.2,26%,35.3,56%,41
Engage,Pursuit EX 6.0 Pro,16,New,$259.99,JOHNKEW (at Pickleball Central),10%,$233.99,Standard,Cold Layered with Edge Foam,Peel Ply-Coarse,Toray Carbon Fiber,Polypropylene Honeycomb,"2,260",82%,16,8,5,8.1,114.7,48%,7.32,95%,23.5,25%,55,43%,36.3,81%,62
Engage,Pursuit EX Pro,13,New,$259.99,JOHNKEW (at Pickleball Central),10%,$233.99,Standard,Cold Layered with Edge Foam,Peel Ply-Coarse,Toray Carbon Fiber,Polypropylene Honeycomb,"2,366",96%,16,8,5,8.2,116.2,57%,7.29,93%,23.7,36%,54.9,41%,36.6,89%,65
Engage,Pursuit MX 6.0 Maxx,16,New,$199.99,JOHNKEW (at Pickleball Central),10%,$179.99,Elongated,Cold Layered with Edge Foam,Frosted RCF,Toray Carbon Fiber,Polypropylene Honeycomb,"1,716",11%,16.5,7.5,5.75,7.8,116.2,57%,5.8,21%,24.2,68%,56.1,77%,35.2,52%,64
Engage,Pursuit MX 6.0 Pro,16,New,$259.99,JOHNKEW (at Pickleball Central),10%,$233.99,Elongated,Cold Layered with Edge Foam,Peel Ply-Coarse,Toray Carbon Fiber,Polypropylene Honeycomb,"2,258",81%,16.5,7.5,5.75,8.1,129.1,97%,6.65,68%,25.3,98%,56.3,81%,35.4,60%,70
Engage,Pursuit MX Pro,13,New,$259.99,JOHNKEW (at Pickleball Central),10%,$233.99,Elongated,Cold Layered with Edge Foam,Peel Ply-Coarse,Toray Carbon Fiber,Polypropylene Honeycomb,"2,264",83%,16.5,7.5,5.75,8,119.3,74%,5.85,23%,24.1,61%,56.2,79%,36.3,81%,80
Engage,Pursuit Pro 1 6.0-Light,16,New,$259.99,JOHNKEW (at Pickleball Central),10%,$233.99,Elongated,Cold Layered with Edge Foam,Peel Ply-Coarse,Toray Carbon Fiber,Polypropylene Honeycomb,"2,207",75%,16.5,7.5,5.88,7.7,115.2,52%,5.75,17%,23.7,36%,56.4,82%,35.4,60%,71
Engage,Pursuit Pro 1-Light,13,New,$259.99,JOHNKEW (at Pickleball Central),10%,$233.99,Elongated,Cold Layered with Edge Foam,Peel Ply-Coarse,Toray Carbon Fiber,Polypropylene Honeycomb,"2,178",69%,16.5,7.5,5.88,7.7,109.5,26%,5.57,10%,23.3,18%,56,73%,35.5,64%,68
Ethos,Dunamis,14,New,$179.95,JOHNKEW,10%,$161.96,Standard,Thermoformed,Peel Ply-Coarse,Kevlar & Carbon Fiber,Polypropylene Honeycomb,"1,678",11%,16,8,5.35,7.5,99.6,3%,6.18,40%,23.1,12%,53.5,18%,34.5,29%,23
Franklin,Ben Johns Signature,13,Used-2 months,$100.00,JOHNKEW (at Pickleball Central),10%,$90.00,Elongated,Cold Layered,Grit,Fiberglass,Polypropylene Honeycomb,"1,267",5%,16.5,7.3,5.5,8.1,120,76%,,,,,,,,,
Franklin,Tour Dynasty,14,New,$149.99,JOHNKEW,10%,$134.99,Elongated,Thermoformed,Peel Ply-Coarse,T700 Carbon Fiber,Polypropylene Honeycomb,"2,288",88%,16.5,7.5,5.6,8.2,126,94%,6.6,65%,24.7,92%,55.3,51%,35.4,60%,55
Franklin,Tour Dynasty,16,New,$149.99,JOHNKEW,10%,$134.99,Elongated,Thermoformed,Peel Ply-Coarse,T700 Carbon Fiber,Polypropylene Honeycomb,"2,167",67%,16.5,7.5,5.6,9.2,138.7,100%,7.45,98%,24.6,87%,56.1,77%,34.3,24%,50
Franklin,Tour Tempo,12,New,$149.99,JOHNKEW,10%,$134.99,Standard,Thermoformed,Peel Ply-Coarse,T700 Carbon Fiber,Polypropylene Honeycomb,"2,252",80%,15.9,8,5,7.4,101.4,6%,6.15,36%,23.6,31%,55,43%,36.1,78%,61
Franklin,Tour Tempo,14,New,$149.99,JOHNKEW,10%,$134.99,Standard,Thermoformed,Peel Ply-Coarse,T700 Carbon Fiber,Polypropylene Honeycomb,"2,199",72%,15.9,8,5,8.5,116.3,59%,7.13,89%,23.4,21%,55.2,50%,35.8,72%,61
Franklin,Tour Tempo,16,New,$149.99,JOHNKEW,10%,$134.99,Standard,Thermoformed,Peel Ply-Coarse,T700 Carbon Fiber,Polypropylene Honeycomb,"2,094",51%,15.9,8,5,8.9,122,84%,7.5,99%,23.5,25%,55.7,65%,35.6,66%,66
Franklin,Carbon STK,14.5,New,$149.99,JOHNKEW (at Pickleball Central),10%,$134.99,Elongated,Cold Layered,Unknown,Carbon Fiber,Polypropylene Honeycomb,"1,251",4%,16.5,7.5,4.25,7.6,118,67%,5.76,19%,24.6,87%,51.7,3%,30.9,0%,2
Gamma,Airbender,13,New,$199.99,JOHNKEW,10%,$179.99,Elongated,Thermoformed,Peel Ply-Coarse,Toray Carbon Fiber,Polypropylene Honeycomb,"2,107",53%,16.5,7.4,5.5,8.1,113.8,43%,5.24,4%,23.6,31%,55.8,68%,35.2,52%,60
Gamma,Airbender,10,New,$199.99,JOHNKEW,10%,$179.99,Elongated,Thermoformed,Peel Ply-Coarse,Toray Carbon Fiber,Polypropylene Honeycomb,"1,988",35%,16.5,7.4,5.5,8.1,111.2,31%,5.08,2%,23.5,25%,55.7,65%,35.8,72%,69
Gamma,Airbender,16,New,$199.99,JOHNKEW,10%,$179.99,Elongated,Thermoformed,Peel Ply-Coarse,Toray Carbon Fiber,Polypropylene Honeycomb,"1,903",26%,16.5,7.4,5.38,8.5,115.3,52%,5.57,10%,23.3,18%,55.4,55%,34.1,18%,36
Gamma,Obsidian 10,10,New,$159.99,JOHNKEW,10%,$143.99,Elongated,Thermoformed,Peel Ply-Coarse,Toray Carbon Fiber,Polypropylene Honeycomb,"1,992",35%,16.4,7.6,5.75,8,118.3,69%,5.77,19%,24.4,77%,54.7,36%,35.5,64%,50
Gamma,Obsidian 13,13,New,$159.99,JOHNKEW,10%,$143.99,Elongated,Thermoformed,Peel Ply-Coarse,Toray Carbon Fiber,Polypropylene Honeycomb,"1,854",21%,16.4,7.6,5.75,7.9,112.2,37%,6,27%,23.8,44%,55.1,48%,35.2,52%,50
Gamma,Obsidian 16,16,New,$159.99,JOHNKEW,10%,$143.99,Elongated,Thermoformed,Peel Ply-Coarse,Toray Carbon Fiber,Polypropylene Honeycomb,"1,877",24%,16.4,7.6,5.75,8.1,119.6,75%,6.46,54%,24.5,81%,55.8,68%,34.4,26%,47
Gearbox,CX11E Power,14,Used-3 months,$199.99,https://bit.ly/48vIn2p,0%,$199.99,Elongated,Unibody Edgeless,Grit,3K Woven Carbon Fiber,Toray T700 Carbon Fiber,"1,480",6%,16.6,8,5.38,7.8,98,2%,4.69,0%,,,47.8,0%,31.5,1%,1
Gearbox,CX14E,14,Used-1 month,$199.99,https://bit.ly/48vIn2p,0%,$199.99,Elongated,Unibody Edgeless,Grit,3K Woven Carbon Fiber,Toray T700 Carbon Fiber,"1,523",7%,16.6,7.4,5.38,8,101,4%,4.32,0%,,,,,,,
Gearbox,CX14H Ultimate Power,14,New,$249.99,https://bit.ly/48vIn2p,0%,$249.99,Standard,Unibody Edgeless,Grit,3K Woven Carbon Fiber,Toray T700 Carbon Fiber,"1,962",31%,15.6,8,5.38,8.5,107,16%,5.78,20%,22,3%,51.1,1%,33.1,5%,3
Gearbox,G2 Elongated,14,New,$119.99,https://bit.ly/48vIn2p,0%,$119.99,Elongated,Unibody Edgeless,Grit,Carbon Fiber; Fiberglass,Polypropylene Honeycomb,"2,030",40%,16.5,7.4,5.5,7.9,122.9,90%,5.35,6%,25.4,99%,54.4,29%,32.7,4%,17
Gearbox,G2 Integra,14,New,$139.99,https://bit.ly/48vIn2p,0%,$139.99,Hybrid,Unibody Edgeless,Grit,Carbon Fiber; Fiberglass,Polypropylene Honeycomb,"2,113",56%,16,7.4,5.5,7.9,113.3,40%,5.64,12%,24.5,81%,54.2,26%,32.6,4%,15
Gearbox,G2 Quad,14,New,$99.99,https://bit.ly/48vIn2p,0%,$99.99,Standard,Unibody Edgeless,Grit,Carbon Fiber; Fiberglass,Polypropylene Honeycomb,"2,139",61%,15.9,8,4.75,7.9,108,21%,6.23,43%,23.7,36%,53.3,16%,33.4,7%,12
Gearbox,Pro Control Elongated,14,New,$274.99,https://bit.ly/48vIn2p,0%,$274.99,Elongated,Gen-3 Foam Enhanced,Peel Ply-Coarse,Toray Carbon Fiber,Carbon fiber + foam,"2,130",60%,16.5,7.4,5.5,8.1,122,84%,5.07,2%,25,97%,56,73%,35.1,48%,60
Gearbox,Pro Control Fusion,14,New,$274.99,https://bit.ly/48vIn2p,0%,$274.99,Hybrid,Gen-3 Foam Enhanced,Peel Ply-Coarse,Toray Carbon Fiber,Carbon fiber + foam,"2,091",50%,16,7.4,5.5,8,115,48%,5.14,3%,24.5,81%,55.8,68%,35.4,60%,64
Gearbox,Pro Power Elongated,14,New,$274.99,https://bit.ly/48vIn2p,0%,$274.99,Elongated,Gen-3 Foam Enhanced,Peel Ply-Coarse,Toray Carbon Fiber,Carbon fiber + foam,"2,062",44%,16.5,7.4,5.5,8,120,76%,5.22,4%,24.9,96%,57.7,96%,36.9,92%,94
Gearbox,Pro Power Elongated with 10 grams tungsten,14,Used-3 months,$274.99,https://bit.ly/48vIn2p,0%,$274.99,Elongated,Gen-3 Foam Enhanced,Peel Ply-Coarse,Toray Carbon Fiber,Carbon fiber + foam,"1,827",18%,16.5,7.4,5.5,8.5,122,84%,5.67,13%,24.3,73%,61.3,100%,37.4,97%,98
Gearbox,Pro Power Fusion,14,New,$274.99,https://bit.ly/48vIn2p,0%,$274.99,Hybrid,Gen-3 Foam Enhanced,Peel Ply-Coarse,Toray Carbon Fiber,Carbon fiber + foam,"2,113",56%,16,7.4,5.5,8,112,35%,5.14,3%,24.2,68%,57.9,97%,37,93%,95
Gearbox,Pro Ultimate Elongated,16,New,$274.99,https://bit.ly/48vIn2p,0%,$274.99,Elongated,Gen-3 Foam Enhanced,Peel Ply-Coarse,Toray Carbon Fiber,Carbon fiber + foam,"1,983",34%,16.5,7.4,5.5,7.9,122.3,88%,5.43,7%,25.6,100%,57.2,93%,35.6,66%,80
Gentle Booms Sports,GBS-001,11,New,$49.99,JOHNKEW,10%,$44.99,Standard,Welded,Grit,Aluminum,Aluminum Honeycomb,"1,493",7%,15.7,7.8,5,8.5,115,48%,6.65,68%,23.1,12%,51.9,4%,31.7,2%,3
GRÜVN,CRÜZ-16S,16,New,$129.00,JOHNKEW,10%,$116.10,Wide Body,Gen 1.5 Unibody with Edge Foam,Peel Ply-Coarse,T700 Carbon Fiber,Polypropylene Honeycomb,"2,084",49%,15.7,8.1,5.4,8.3,113,39%,7.45,98%,23.6,31%,54.3,28%,34.7,35%,31
GRÜVN,LAZR-16S,16,New,$169.00,JOHNKEW,10%,$152.10,Standard,Thermoformed,Peel Ply-Coarse,3K Kevlar-Carbon Fiber Weave,Polypropylene Honeycomb,"2,213",77%,15.9,8,5.35,8.1,106.2,14%,7.09,87%,23.1,12%,54.3,28%,35.2,52%,40
GRÜVN,MÜVN-13S,13,New,$159.00,JOHNKEW,10%,$143.10,Wide Body,Thermoformed,Peel Ply-Coarse,T700 Carbon Fiber,Polypropylene Honeycomb,"1,846",19%,15.7,8.1,5.3,7.9,101,4%,6.35,47%,22.5,3%,54.8,39%,36.4,84%,62
GRÜVN,MÜVN-13X,13,New,$159.00,JOHNKEW,10%,$143.10,Elongated,Thermoformed,Peel Ply-Coarse,T700 Carbon Fiber,Polypropylene Honeycomb,"1,975",33%,16.5,7.4,5.5,7.8,114,43%,5.93,25%,23.9,50%,55.4,55%,34.9,40%,48
GRÜVN,MÜVN-16E,16,New,$159.00,JOHNKEW,10%,$143.10,Elongated,Thermoformed,Peel Ply-Coarse,T700 Carbon Fiber,Polypropylene Honeycomb,"1,862",22%,16.5,7.4,4.75,8.3,118,67%,6.35,47%,23.8,44%,55,43%,34.9,40%,42
GRÜVN,MÜVN-16H,16,New,$159.00,JOHNKEW,10%,$143.10,Elongated,Thermoformed,Peel Ply-Fine,T700 Carbon Fiber,Polypropylene Honeycomb,"1,821",18%,16.5,7.4,5.88,8.2,122,84%,6.15,36%,24.2,68%,55.6,59%,35.7,69%,64
GRÜVN,MÜVN-16S,16,New,$159.00,JOHNKEW,10%,$143.10,Wide Body,Thermoformed,Peel Ply-Coarse,T700 Carbon Fiber,Polypropylene Honeycomb,"2,002",36%,15.7,8.1,5.3,8,103.9,8%,6.8,75%,22.7,6%,54.3,28%,35,44%,36
GRÜVN,MÜVN-16X,16,New,$159.00,JOHNKEW,10%,$143.10,Elongated,Thermoformed,Peel Ply-Fine,T700 Carbon Fiber,Polypropylene Honeycomb,"2,013",38%,16.5,7.4,5.5,8.2,116.7,61%,6.3,45%,23.7,36%,54.3,28%,34.2,22%,25
GRÜVN,Raw-13R,13,New,$139.00,JOHNKEW,10%,$125.10,Wide Body,Cold Layered,Peel Ply-Coarse,T700 Carbon Fiber,Polypropylene Honeycomb,"2,171",67%,15.6,8.2,5.25,7.6,96.8,1%,6.51,58%,22.7,6%,52.3,5%,34.6,31%,18
GRÜVN,Raw-13S,13,New,$139.00,JOHNKEW,10%,$125.10,Wide Body,Cold Layered,Peel Ply-Coarse,T700 Carbon Fiber,Polypropylene Honeycomb,"2,255",81%,15.7,8.1,5.3,7.8,106.4,14%,6.8,75%,23.5,25%,53.4,17%,34.9,40%,29
GRÜVN,Raw-13V,13,New,$139.00,JOHNKEW,10%,$125.10,Wide Body,Cold Layered,Peel Ply-Coarse,T700 Carbon Fiber,Polypropylene Honeycomb,"1,965",31%,15.5,8.1,4.75,7.7,99,3%,6.8,75%,22.8,8%,52.5,6%,34.8,37%,22
GRÜVN,Raw-16H,16,New,$139.00,JOHNKEW,10%,$125.10,Elongated,Cold Layered,Peel Ply-Coarse,T700 Carbon Fiber,Polypropylene Honeycomb,"2,166",66%,16.5,7.4,5.88,7.7,121,78%,5.74,17%,25,97%,52.6,8%,33.8,13%,10
GRÜVN,Raw-16R,16,New,$139.00,JOHNKEW,10%,$125.10,Wide Body,Cold Layered,Peel Ply-Coarse,T700 Carbon Fiber,Polypropylene Honeycomb,"1,597",9%,15.6,8.2,5.25,7.7,97.3,2%,6.72,71%,22.6,5%,52.6,8%,33.4,7%,7
GRÜVN,Raw-16RX,16,New,$139.00,JOHNKEW,10%,$125.10,Elongated,Cold Layered,Peel Ply-Coarse,T700 Carbon Fiber,Polypropylene Honeycomb,"1,877",24%,16.5,7.4,6,7.8,119,71%,5.7,14%,24.5,81%,52.8,10%,34.2,22%,16
GRÜVN,Raw-16S,16,New,$139.00,JOHNKEW,10%,$125.10,Wide Body,Cold Layered,Peel Ply-Coarse,T700 Carbon Fiber,Polypropylene Honeycomb,"2,202",73%,15.7,8.1,5.3,7.8,105.3,10%,6.83,78%,23.3,18%,54.1,24%,33.6,11%,17
GRÜVN,Raw-16V,16,New,$139.00,JOHNKEW,10%,$125.10,Wide Body,Cold Layered,Peel Ply-Coarse,T700 Carbon Fiber,Polypropylene Honeycomb,"2,152",64%,15.5,8.1,4.75,7.8,100.2,4%,7.32,95%,22.9,9%,52.9,13%,33.4,7%,10
GRÜVN,Raw-16X,16,New,$139.00,JOHNKEW,10%,$125.10,Elongated,Cold Layered,Peel Ply-Coarse,T700 Carbon Fiber,Polypropylene Honeycomb,"2,152",64%,16.5,7.4,5.5,8,122,84%,6.07,30%,24.5,81%,53.8,21%,33.8,13%,17
GRYP,Balance 1 - 10g cap,15,New,$200.00,JOHNKEW,10%,$180.00,Elongated,Thermoformed,Peel Ply-Coarse,T700 Carbon Fiber,Polypropylene Honeycomb,"2,107",53%,16.5,7.5,5.5,8.3,113,40%,6.15,36%,22.7,6%,54.6,33%,34.7,35%,34
GRYP,Balance 1 - 30g cap,15,New,$200.00,JOHNKEW,10%,$180.00,Elongated,Thermoformed,Peel Ply-Coarse,T700 Carbon Fiber,Polypropylene Honeycomb,"2,042",42%,16.5,7.5,5.5,8.9,114,43%,6,27%,21,0%,55.7,65%,35.7,69%,67
Honolulu Pickleball Co.,J2K,16,New,$155.00,JOHNKEW-KEVLAR,$20,$135.00,Hybrid,Thermoformed,Peel Ply-Coarse,Dupont Kevlar,Polypropylene Honeycomb,"2,101",52%,16.2,7.8,5.5,8.2,115.4,54%,7,84%,23.7,36%,55.5,57%,35.8,72%,65
Honolulu Pickleball Co.,J2K Pro,16,New,$165.00,JOHNKEW-KEVLAR,$20,$145.00,Hybrid,Thermoformed,Peel Ply-Coarse,Dupont Kevlar,Polypropylene Honeycomb,"2,044",42%,16.2,7.8,5.5,7.9,110,26%,6.84,79%,23.4,21%,55.6,59%,35.9,75%,67
Honolulu Pickleball Co.,J2K with 10 grams tungsten tape,16,New,$155.00,JOHNKEW-KEVLAR,$20,$135.00,Hybrid,Thermoformed,Peel Ply-Coarse,Dupont Kevlar,Polypropylene Honeycomb,"2,101",52%,16.2,7.8,5.5,8.4,113.4,41%,7.35,95%,23.3,18%,55.1,48%,35.5,64%,56
Honolulu Pickleball Co.,J2K with 10 grams tungsten tape & 28-gram Slyce cap,16,New,$155.00,JOHNKEW-KEVLAR,$20,$135.00,Hybrid,Thermoformed,Peel Ply-Coarse,Dupont Kevlar,Polypropylene Honeycomb,"2,101",52%,16.2,7.8,5.5,9.4,115.4,53%,7.48,99%,21.7,2%,55.6,59%,35.9,75%,67
Honolulu Pickleball Co.,J2Ti,16,New,$155.00,JOHNKEW,10%,$139.50,Hybrid,Thermoformed,Peel Ply-Coarse,Carbon Fiber & PET Electroplated Fiber,Polypropylene Honeycomb,"2,111",55%,16.2,7.8,5.5,8.1,112.7,39%,6.9,80%,23.7,36%,55.8,68%,35.4,60%,64
Honolulu Pickleball Co.,J2Ti with 10 grams tungsten tape,16,New,$155.00,JOHNKEW,10%,$139.50,Hybrid,Thermoformed,Peel Ply-Coarse,Carbon Fiber & PET Electroplated Fiber,Polypropylene Honeycomb,"2,111",55%,16.2,7.8,5.5,8.3,113.7,42%,7.3,94%,23.6,31%,56,73%,35.2,52%,62
Honolulu Pickleball Co.,J2Ti with 10 grams tungsten tape & 28-gram Slyce cap,16,New,$155.00,JOHNKEW,10%,$139.50,Hybrid,Thermoformed,Peel Ply-Coarse,Carbon Fiber & PET Electroplated Fiber,Polypropylene Honeycomb,"2,111",55%,16.2,7.8,5.5,9.1,115.1,51%,7.4,97%,21.6,1%,56,73%,35.4,60%,66
Honolulu Pickleball Co.,J3K,16,New,$165.00,JOHNKEW-KEVLAR,$20,$145.00,Standard,Thermoformed,Peel Ply-Coarse,Dupont Kevlar,Polypropylene Honeycomb,"1,959",30%,16,8,6,8.2,115.9,56%,7.23,91%,23.9,50%,55,43%,36.2,80%,62
Honolulu Pickleball Co.,J3K Pro,16,New,$165.00,JOHNKEW-KEVLAR,$20,$145.00,Standard,Thermoformed,Peel Ply-Coarse,Dupont Kevlar,Polypropylene Honeycomb,"1,973",32%,16,8,6,8.1,111.6,33%,7.05,86%,23.5,25%,54.8,39%,35.9,75%,57
Honolulu Pickleball Co.,J7K Pro,16,New,$165.00,JOHNKEW-KEVLAR,$20,$145.00,Standard,Thermoformed,Peel Ply-Coarse,Dupont Kevlar,Polypropylene Honeycomb,"2,285",87%,16.6,7.3,5.5,8,116.9,62%,6.14,35%,23.9,50%,56,73%,35,44%,59
Honolulu Pickleball Co.,Sword & Shield-J1,16,New,$166.50,JOHNKEW,10%,$149.85,Elongated,Thermoformed,Peel Ply-Coarse,Toray Carbon Fiber,Polypropylene Honeycomb,"1,880",25%,16.5,7.5,5.75,8.8,127.8,96%,6.9,80%,24.1,61%,54.9,41%,34.3,24%,33
Honolulu Pickleball Co.,Sword & Shield-J1H,16,New,$166.50,JOHNKEW,10%,$149.85,Elongated,Thermoformed,Peel Ply-Coarse,Toray Carbon Fiber,Polypropylene Honeycomb,"2,032",40%,16.5,7.5,5.75,8.7,129.9,98%,6.8,75%,24,58%,56.9,88%,34.6,31%,59
Honolulu Pickleball Co.,Sword & Shield-J2,16,New,$145.00,JOHNKEW,10%,$130.50,Hybrid,Thermoformed,Peel Ply-Coarse,Toray Carbon Fiber,Polypropylene Honeycomb,"1,714",11%,16.2,7.8,5.5,8,117.7,66%,6.55,60%,24,58%,55.2,50%,34.4,26%,38
Honolulu Pickleball Co.,Sword & Shield-J3,16,New,$130.50,JOHNKEW,10%,$117.45,Standard,Thermoformed,Peel Ply-Coarse,Toray Carbon Fiber,Polypropylene Honeycomb,"1,778",14%,16,8,6,8,111.4,33%,7,84%,23.6,31%,55.1,48%,34.5,29%,38
Honolulu Pickleball Co.,Sword & Shield-J5,16,New,$166.50,JOHNKEW,10%,$149.85,Elongated,Thermoformed,Peel Ply-Coarse,Toray Carbon Fiber,Polypropylene Honeycomb,"2,067",45%,17,7,5.75,8.6,130.1,99%,6.15,36%,24.3,73%,55.7,65%,34.2,22%,43
Hudef,Mage Pro,16,New,$99.00,JOHNKEW,15%,$84.15,Elongated,Thermoformed,Peel Ply-Coarse,T700 Carbon Fiber,Polypropylene Honeycomb,"2,004",37%,16.5,7.4,5.35,8.1,119,71%,6.4,51%,24.2,68%,54.1,24%,34.1,18%,21
Hudef,Mage Pro Gen 2,14,New,$169.99,JOHNKEW,15%,$144.49,Hybrid,Thermoformed,Peel Ply-Coarse,Kevlar & Carbon Fiber,Polypropylene Honeycomb,"2,056",43%,16.1,7.8,5.3,7.9,108.6,24%,6.6,65%,23.8,44%,55.1,48%,34.8,37%,42
Hudef,Viva Pro Gen1,16,New,$99.00,JOHNKEW,15%,$84.15,Elongated,Thermoformed,Peel Ply-Coarse,T700 Carbon Fiber,Polypropylene Honeycomb,"2,077",46%,16.5,7.4,5.5,8.1,122,84%,6.16,38%,24.4,77%,52.1,5%,33.9,15%,10
Hudef,Viva Pro Gen2,16,New,$129.99,JOHNKEW,15%,$110.49,Elongated,Thermoformed,Peel Ply-Coarse,T700 Carbon Fiber,Polypropylene Honeycomb,"2,060",44%,16.5,7.4,5.5,8.1,128,97%,6.5,56%,25.3,98%,55.5,57%,34.8,37%,47
JOOLA,Hyperion 3S,16,New,$279.95,JOHNKEW,10%,$251.96,Elongated,Thermoformed,Peel Ply-Coarse,Carbon Fiber,Polypropylene + Foam,"2,139",61%,16.5,7.5,5.5,7.9,115.1,51%,6.03,28%,24.3,73%,56.8,86%,36.5,87%,86
JOOLA,Hyperion CAS,16,Used-2 months,$159.95,JOHNKEW,10%,$143.96,Elongated,Cold Layered,Grit,Fiberglass,Polypropylene Honeycomb,"1,234",4%,16.5,7.5,5.5,8.3,125,92%,6.37,49%,24.5,81%,,,,,
JOOLA,Hyperion CFS,16,New,$219.95,JOHNKEW,10%,$197.96,Elongated,Hybrid,Peel Ply-Coarse,Carbon Fiber,Polypropylene Honeycomb,"1,725",12%,16.5,7.5,5.5,8.4,127,95%,6.57,63%,24.8,94%,51.6,2%,,,
JOOLA,Hyperion CFS,16,Used-3 months,$219.95,JOHNKEW,10%,$197.96,Elongated,Hybrid,Peel Ply-Coarse,Carbon Fiber,Polypropylene Honeycomb,"1,333",5%,16.5,7.5,5.5,8.4,127,95%,6.57,63%,24.8,94%,51.6,2%,,,
JOOLA,Hyperion CFS Swift,16,New,$219.95,JOHNKEW,10%,$197.96,Elongated,Hybrid,Peel Ply-Coarse,Carbon Fiber,Polypropylene Honeycomb,"1,420",6%,16.5,7.5,5.5,7.9,,,,,,,,,,,
JOOLA,Magnus 3 Tyson McGuffin,14,New,$280.00,JOHNKEW,10%,$252.00,Elongated,Gen-3 Foam Enhanced,Peel Ply-Coarse,Carbon Fiber,Polypropylene + Foam,"2,425",99%,16.5,7.5,5,8,114.7,48%,6.05,29%,24.1,61%,57.3,94%,37.2,95%,94
JOOLA,Magnus 3S,16,New,$279.95,JOHNKEW,10%,$251.96,Elongated,Thermoformed,Peel Ply-Coarse,Carbon Fiber,Polypropylene + Foam,"2,117",58%,16.5,7.5,5,7.9,114,46%,6.12,33%,24.1,61%,57.1,92%,36.3,81%,87
JOOLA,Perseus 3 Ben Johns,16,New,$280.00,JOHNKEW,10%,$252.00,Elongated,Gen-3 Foam Enhanced,Peel Ply-Coarse,Carbon Fiber,Polypropylene + Foam,"2,487",100%,16.5,7.5,5.5,8,119.2,74%,6.08,31%,24.2,68%,57.6,95%,37.3,97%,96
JOOLA,Perseus 3 Ben Johns,14,New,$280.00,JOHNKEW,10%,$252.00,Elongated,Gen-3 Foam Enhanced,Peel Ply-Coarse,Carbon Fiber,Polypropylene + Foam,"2,193",71%,16.5,7.5,5.5,8,116.9,62%,5.83,22%,24.2,68%,56.9,88%,38.3,99%,93
JOOLA,Perseus 3S,16,New,$279.95,JOHNKEW,10%,$251.96,Elongated,Thermoformed,Peel Ply-Coarse,Carbon Fiber,Polypropylene + Foam,"2,148",64%,16.5,7.5,5.5,7.9,118.6,70%,6.15,36%,24.7,92%,56.9,88%,36.5,87%,88
JOOLA,Perseus 3S,14,New,$279.95,JOHNKEW,10%,$251.96,Elongated,Thermoformed,Peel Ply-Coarse,Carbon Fiber,Polypropylene + Foam,"2,141",63%,16.5,7.5,5.5,8,120.4,78%,6.07,30%,24.5,81%,56.9,88%,36.7,90%,89
JOOLA,Perseus MOD TA-15,16,New,$280.00,JOHNKEW,10%,$252.00,Elongated,Gen-3 Foam Enhanced,Peel Ply-Coarse,Carbon Fiber,Polypropylene + Foam,"2,243",80%,16.5,7.5,5.5,8,119.2,72%,6.12,33%,24.6,87%,57.5,94%,36.9,92%,93
JOOLA,Perseus MOD TA-15,16,Used-2 weeks,$280.00,JOHNKEW,10%,$252.00,Elongated,Gen-3 Foam Enhanced,Peel Ply-Coarse,Carbon Fiber,Polypropylene + Foam,"2,126",59%,16.5,7.5,5.5,8.8,119.2,72%,6.12,33%,24.6,87%,58.7,97%,37.1,94%,96
JOOLA,Scorpeus 3 Anna Bright,14,New,$280.00,JOHNKEW,10%,$252.00,Standard,Gen-3 Foam Enhanced,Peel Ply-Coarse,Carbon Fiber,Polypropylene + Foam,"2,310",90%,16,8,5.25,7.8,109.3,25%,6.64,67%,24,58%,56.9,88%,38.6,100%,94
JOOLA,Scorpeus 3 Collin Johns,16,New,$280.00,JOHNKEW,10%,$252.00,Standard,Gen-3 Foam Enhanced,Peel Ply-Coarse,Carbon Fiber,Polypropylene + Foam,"2,115",58%,16,8,5.25,8,111.7,34%,6.94,83%,23.7,36%,57,92%,38,99%,95
JOOLA,Scorpeus 3S,16,New,$279.95,JOHNKEW,10%,$251.96,Standard,Thermoformed,Peel Ply-Coarse,Carbon Fiber,Polypropylene + Foam,"2,213",77%,16,8,5.25,8,111.6,34%,7,84%,23.9,50%,56.2,79%,37.1,94%,87
JOOLA,Scorpeus Collin Johns,16,New,$249.95,JOHNKEW,10%,$224.96,Standard,Thermoformed,Peel Ply-Coarse,Carbon Fiber,Polypropylene Honeycomb,"1,889",25%,16,8,5.25,8.1,114,43%,6.95,83%,23.9,50%,52.2,5%,34.1,18%,11
JOOLA,Solaire,14,New,$189.95,JOHNKEW,10%,$170.96,Standard,Hybrid,Peel Ply-Coarse,Carbon Fiber,Polypropylene Honeycomb,"1,917",28%,16,8,5.5,8.4,,,,,,,,,,,
JOOLA,Solaire,14,Used-1 month,$189.95,JOHNKEW,10%,$170.96,Standard,Hybrid,Peel Ply-Coarse,Carbon Fiber,Polypropylene Honeycomb,"1,774",14%,16,8,5.5,8.4,,,,,,,,,,,
Komodo,Katana,16,New,$227.97,JOHNKEW,10%,$205.17,Elongated,Cold Layered,Peel Ply-Coarse,Kevlar 3K Cloth,Polypropylene Honeycomb,"2,032",40%,16.5,7.5,5.25,7.5,106.5,15%,5.75,17%,23.8,44%,53.9,22%,33.4,7%,14
Komodo,Tonto 18K,14,New,$227.97,JOHNKEW,10%,$205.17,Elongated,Thermoformed,Peel Ply-Coarse,18K Carbon Fiber,Polypropylene Honeycomb,"1,854",21%,16.5,7.4,5.8,7.1,100,4%,5.32,6%,23.3,18%,54.5,32%,35.3,56%,44
Komodo,Tonto Unidirectional,14,New,$227.97,JOHNKEW,10%,$205.17,Elongated,Thermoformed,Peel Ply-Coarse,T700 Carbon Fiber,Polypropylene Honeycomb,"1,765",14%,16.5,7.4,5.8,8.1,118.5,69%,5.64,12%,23.6,31%,54.8,39%,35.3,56%,48
Legacy,Legacy Pro,16,New,$150.00,JOHNKEW,10%,$135.00,Elongated,Thermoformed,Peel Ply-Fine,Toray Carbon Fiber,Polypropylene Honeycomb,"1,913",27%,16.5,7.5,5.3,8,121,78%,6.43,53%,,,,,,,
Maverix,Clash-15 All Court,15,New,$164.99,JOHNKEW,15%,$140.24,Hybrid,Thermoformed,Peel Ply-Coarse,T700 Carbon Fiber,Polypropylene Honeycomb,"2,161",66%,16.2,7.7,5.4,8.1,117.2,65%,6.55,60%,23.9,50%,55.1,48%,35,44%,46
Maverix,Clash-15 Pro,15,New,$179.99,JOHNKEW,15%,$152.99,Hybrid,Thermoformed,Peel Ply-Coarse,Kevlar & Carbon Fiber,Polypropylene Honeycomb,"1,986",34%,16.2,7.7,5.4,8.2,116.2,58%,6.42,52%,23.9,50%,55.4,55%,35.1,48%,51
Maverix,Havik-15 All Court,15,New,$164.99,JOHNKEW,15%,$140.24,Elongated,Thermoformed,Peel Ply-Coarse,T700 Carbon Fiber,Polypropylene Honeycomb,"2,028",39%,16.5,7.5,5.5,8.2,117.2,65%,6.36,48%,23.9,50%,55,43%,35.1,48%,46
Maverix,Havik-15 Pro,15,New,$179.99,JOHNKEW,15%,$152.99,Elongated,Thermoformed,Peel Ply-Coarse,Kevlar & Carbon Fiber,Polypropylene Honeycomb,"2,002",36%,16.5,7.5,5.5,8.3,118.7,70%,6.58,63%,24.1,61%,55.6,59%,34.9,40%,49
Monarch,Mercenary Graphite 2,10.3,Used-3 months,$79.99,,,$79.99,Standard,Cold Layered,Grit,Graphite,Polypropylene Honeycomb,"1,099",2%,15.5,8.2,4.5,7.8,108,22%,,,,,,,,,
Neonic,Flare Titanium,16,New,$149.99,JOHNKEW,10%,$134.99,Standard,Thermoformed,Peel Ply-Coarse,Carbon Fiber & Titanium,Polypropylene Honeycomb,"2,204",73%,16,8,5.5,8.1,113.5,41%,7.01,86%,23.8,44%,55.9,71%,34.8,37%,54
Neonic,Flow,16,New,$119.99,JOHNKEW,10%,$107.99,Hybrid,Thermoformed,Peel Ply-Coarse,Toray Carbon Fiber,Polypropylene Honeycomb,"2,310",90%,16.3,7.6,5.5,8.1,116.3,59%,6.53,59%,23.9,50%,54.9,41%,34.6,31%,36
Nexus,ProStar,16,New,$169.99,JOHNKEW,10%,$152.99,Elongated,Thermoformed,Peel Ply-Coarse,"Carbon Fiber & PET Fibers (""Titanium"")",Foam-filled polypropylene honeycomb,"1,797",15%,16.5,7.5,5.5,8.2,122.6,89%,6.38,49%,24.4,77%,55.7,65%,36.3,81%,73
OM,Aero,14,New,$245.00,JOHNKEW,10%,$220.50,Wide Body,Thermoformed,Grit,T700 Carbon Fiber,Polypropylene Honeycomb,"1,584",9%,15.8,8.2,5,7.9,106.7,15%,6.48,56%,23.5,25%,56.9,88%,36.3,81%,85
Owl,Owl CXE,16,New,$169.00,,,$169.00,Elongated,Cold Layered,Acoustene Composite,Acoustene Composite,Polypropylene Honeycomb,"2,380",97%,16.5,7.5,5.3,7.9,118.5,70%,5.51,8%,25.6,100%,54.7,36%,34.5,29%,32
PaddleTek,Bantam ALW-C,14.3,New,$229.99,,10%,$206.99,Standard,Cold Layered,Peel Ply-Coarse,Toray Carbon Fiber & Fiberglass,Polypropylene Honeycomb,"2,390",98%,15.9,7.9,5.25,7.7,107.9,21%,6.76,74%,23.7,36%,56.9,88%,36.8,91%,89
PaddleTek,Bantam ALW-C,12.7,New,$229.99,,10%,$206.99,Standard,Cold Layered,Peel Ply-Coarse,Toray Carbon Fiber & Fiberglass,Polypropylene Honeycomb,"2,241",79%,15.9,7.9,5.25,7.8,103.4,7%,6.51,58%,23.5,25%,56.9,88%,37.2,95%,91
PaddleTek,Bantam ESQ-C,12.7,New,$249.99,,10%,$224.99,Standard,Cold Layered,Peel Ply-Coarse,Toray Carbon Fiber & Fiberglass,Polypropylene Honeycomb,"2,339",94%,15.9,8,5.5,7.6,102.5,6%,6.6,65%,23.2,15%,57,92%,37.2,95%,93
PaddleTek,Bantam ESQ-C,14.3,New,$249.99,,10%,$224.99,Standard,Cold Layered,Peel Ply-Coarse,Toray Carbon Fiber & Fiberglass,Polypropylene Honeycomb,"2,304",89%,15.9,8,5.5,7.7,106.9,15%,6.7,71%,24.1,61%,56.8,86%,36.6,89%,87
PaddleTek,Bantam TKO-C,12.7,New,$229.99,https://www.paddletek.com/6xAhP5,10%,$206.99,Elongated,Cold Layered,Peel Ply-Coarse,Toray Carbon Fiber & Fiberglass,Polypropylene Honeycomb,"2,314",91%,16.5,7.5,5.25,7.7,113,39%,6.55,60%,24.4,77%,56.1,77%,37.2,95%,86
PaddleTek,Bantam TKO-CX,14.3,New,$229.99,https://www.paddletek.com/6xAhP5,10%,$206.99,Elongated,Cold Layered,Peel Ply-Coarse,Toray Carbon Fiber & Fiberglass,Polypropylene Honeycomb,"2,293",88%,16.5,7.5,5.75,7.9,121.7,83%,6.38,49%,25,97%,56.5,84%,36.4,84%,84
PaddleTek,Tempest TKO-C,14.3,New,$209.99,https://www.paddletek.com/6xAhP5,10%,$188.99,Standard,Cold Layered,Peel Ply-Coarse,Toray Carbon Fiber & Fiberglass,Polypropylene Honeycomb,"2,204",73%,16.5,7.5,5.25,8.3,124,90%,6.59,64%,24.6,87%,56.6,85%,36.4,84%,84
PaddleTek,Tempest Wave Pro-C,14.3,New,$209.99,https://www.paddletek.com/6xAhP5,10%,$188.99,Standard,Cold Layered,Peel Ply-Coarse,Toray Carbon Fiber & Fiberglass,Polypropylene Honeycomb,"2,302",88%,15.9,8,5.25,8.2,112.4,37%,7.19,91%,23.7,36%,55.5,57%,36.5,87%,72
PCKL,Pro 13,13,New,$159.99,JOHNKEW,10%,$143.99,Hybrid,Thermoformed,Peel Ply-Coarse,Toray Carbon Fiber,Polypropylene Honeycomb,"1,834",19%,16.3,7.5,5.5,8.1,120,76%,5.91,24%,23.2,15%,51.3,1%,32.3,3%,2
PCKL,Pro 16,16,New,$159.99,JOHNKEW,10%,$143.99,Hybrid,Thermoformed,Peel Ply-Coarse,Toray Carbon Fiber,Polypropylene Honeycomb,"1,853",20%,16.3,7.5,5.5,7.8,121,78%,6.56,62%,23.8,44%,52.8,10%,32.1,3%,6
Pickleball Apes,Pro Line Energy,16.5,New,$149.99,JOHNKEW,10%,$134.99,Elongated,Thermoformed,Peel Ply-Coarse,Kevlar & Carbon Fiber,Polypropylene Narrow-Cell Honeycomb,"2,081",48%,17,7,6.25,8.3,122,84%,5.7,14%,24.7,92%,55.3,51%,34.9,40%,46
Pickleball Apes,Pro Line Energy S,16.5,New,$169.99,JOHNKEW,10%,$152.99,Elongated,Thermoformed,Peel Ply-Coarse,Kevlar & Carbon Fiber,Polypropylene Narrow-Cell Honeycomb,"2,192",71%,16.4,7.6,5.5,8.1,118,67%,6.34,47%,24.2,68%,55.9,71%,35.6,66%,69
Pickleball Apes,Pulse E,16.5,New,$199.99,JOHNKEW,10%,$179.99,Elongated,Thermoformed,Peel Ply-Coarse,Kevlar & Nylon,Polypropylene + Foam,"2,286",87%,16.9,7.1,6,8.3,129.3,98%,5.88,23%,24.8,94%,56.7,85%,36.1,78%,82
Pickleball Apes,Pulse S,16.5,New,$199.99,JOHNKEW,10%,$179.99,Hybrid,Thermoformed,Peel Ply-Coarse,Kevlar & Nylon,Polypropylene + Foam,"2,183",70%,16.3,7.6,5.5,8,114.4,47%,6.26,44%,24.1,61%,56.4,82%,36.2,80%,81
Pickleball Apes,Pulse V,16.5,New,$199.99,JOHNKEW,10%,$179.99,Wide Body,Thermoformed,Peel Ply-Coarse,Kevlar & Nylon,Polypropylene + Foam,"2,160",65%,15.8,8.1,5.5,8.2,112.5,38%,7.47,98%,23.8,44%,56.3,81%,36.4,84%,83
PIKKL,Hurricane Pro,16,New,$159.99,JOHNKEW,10%,$143.99,Standard,Thermoformed,Peel Ply-Coarse,T700 Carbon Fiber,Polypropylene Honeycomb,"2,404",98%,16,8,5.5,7.8,108.6,23%,6.79,75%,23.9,50%,54.4,29%,35.2,52%,41
PIKKL,Hurricane Pro,14,New,$159.99,JOHNKEW,10%,$143.99,Standard,Thermoformed,Peel Ply-Coarse,T700 Carbon Fiber,Polypropylene Honeycomb,"2,280",86%,16,8,5.5,7.8,107.7,19%,6.6,65%,23.6,31%,55,43%,35.4,60%,51
PIKKL,Vantage Pro,14,New,$139.99,JOHNKEW,10%,$125.99,Elongated,Thermoformed,Peel Ply-Coarse,Carbon Fiber,Polypropylene Honeycomb,"2,367",97%,16.3,7.5,5.35,7.9,111.5,33%,6.19,40%,23.8,44%,55.8,68%,35,44%,56
PIKKL,Vantage Pro,16,New,$139.99,JOHNKEW,10%,$125.99,Elongated,Thermoformed,Peel Ply-Coarse,Carbon Fiber,Polypropylene Honeycomb,"2,260",82%,16.3,7.5,5.35,8.4,121.2,81%,6.64,67%,23.9,50%,56,73%,34.8,37%,55
ProDrive,Drive Carbon,19,New,$199.00,JOHNKEW,10%,$179.10,Elongated,Thermoformed,Peel Ply-Coarse,Toray Carbon Fiber,Polypropylene + Kevlar,"1,870",23%,16.4,7.6,5.3,8.6,130,99%,7.24,92%,24.5,81%,55.6,59%,33.4,7%,33
ProDrive,Encounter,16,New,$219.00,JOHNKEW,10%,$197.10,Elongated,Thermoformed,Peel Ply-Coarse,T700 Carbon Fiber,Polypropylene + Kevlar,"2,020",38%,16.5,7.3,5.5,8.2,119.2,73%,5.49,8%,24.1,61%,56.7,85%,34.5,29%,57
ProDrive,Ghost,16,New,$189.00,JOHNKEW,10%,$170.10,Elongated,Thermoformed,Peel Ply-Coarse,Toray Carbon Fiber,Kevlar,"1,817",17%,16.4,7.6,5.3,8,117,63%,6.73,72%,23.9,50%,55.6,59%,35.1,48%,53
ProKennex,Black Ace Pro,10,New,$250.00,JOHNKEW (at Pickleball Central),10%,$225.00,Standard,Thermoformed,Peel Ply,Toray Carbon Fiber,Polypropylene Honeycomb,"1,848",20%,15.8,7.6,5.3,8.1,105,9%,6.17,39%,22.6,5%,54.5,32%,37.4,97%,65
ProKennex,Black Ace Pro,10,Used-3 months,$250.00,JOHNKEW (at Pickleball Central),10%,$225.00,Standard,Hot Molded,Peel Ply,Toray Carbon Fiber,Polypropylene Honeycomb,"1,525",8%,15.8,7.6,5.3,8.1,105,9%,6.17,39%,22.6,5%,54.5,32%,37.4,97%,65
Prokennex,Pro Spin,11,New,$220.00,JOHNKEW (at Pickleball Central),10%,$198.00,Standard,Unibody Edgeless,Grit,Composit with Submerged Strings,Polypropylene Honeycomb,"1,477",6%,15.7,7.6,5.12,7.6,,,,,,,,,,,
PROLITE,K2 Power,14,New,$180.00,,,$180.00,Standard,Thermoformed,Grit,Toray Carbon Fiber,Polypropylene Honeycomb,"1,628",10%,15.7,8.1,4.75,7.8,101,4%,6.4,51%,22.7,6%,54,23%,33.6,11%,17
Proton,Series Four,16,New,,JOHNKEW,10%,$0.00,Elongated,Thermoformed,Peel Ply-Coarse,3K Kevlar-Carbon Fiber Weave,Polypropylene Honeycomb,"2,114",57%,16.5,7.5,5.5,8,116.4,60%,5.61,11%,24.1,61%,56.4,82%,35.5,64%,73
Proton,Series One-Type A,15,New,$280.00,JOHNKEW,10%,$252.00,Standard,Cold Layered,NanoTac,Carbon Fiber,Polypropylene Honeycomb,"2,276",85%,15.8,8.3,5.25,8.4,119.1,72%,7.2,91%,23.9,50%,54.8,39%,33.4,7%,23
Proton,Series One-Type A,11,New,$280.00,JOHNKEW,10%,$252.00,Standard,Cold Layered,NanoTac,Carbon Fiber,Polypropylene Honeycomb,"2,112",56%,15.8,8.3,5.25,8.1,114.5,47%,6.75,73%,24.1,61%,55.3,51%,36.6,89%,70
Proton,Series One-Type B,15,New,$280.00,JOHNKEW,10%,$252.00,Elongated,Thermoformed,NanoTac,Carbon Fiber,Nomex Honeycomb,"2,336",93%,16.8,7.3,5.25,8.8,129.6,98%,6.55,60%,24.3,73%,56.1,77%,34.2,22%,49
Proton,Series Three,15.6,New,$240.00,JOHNKEW,10%,$216.00,Elongated,Thermoformed,Peel Ply-Coarse,Carbon Fiber,Polypropylene Honeycomb,"1,755",13%,16.5,7.5,5.38,8.2,122.5,89%,6.72,71%,24.5,81%,56.1,77%,33.7,13%,45
Proton,Series Two,16.2,New,$220.00,JOHNKEW,10%,$198.00,Hybrid,Thermoformed,Grit,Carbon Fiber,Polypropylene Honeycomb,"1,818",17%,16.5,7.5,5.38,8.3,120.6,78%,5.98,27%,24.2,68%,53.1,14%,34.4,26%,20
ProXR,Connor Garnett,14,New,$209.99,JOHNKEW,10%,$188.99,Elongated,Thermoformed,Peel Ply-Coarse,T700 Carbon Fiber,Polypropylene Honeycomb,"2,163",66%,16.5,7.5,6,8.2,110,26%,5.52,9%,22.5,3%,54.1,24%,34.1,18%,21
ProXR,Signature,16,New,$209.99,JOHNKEW,10%,$188.99,Elongated,Thermoformed,Peel Ply-Coarse,T700 Carbon Fiber,Polypropylene Honeycomb,"2,264",83%,16.5,7.5,6,8.4,116.3,60%,5.77,19%,23.2,15%,55.8,68%,35.2,52%,60
ProXR,Sweet Spot,16,New,$209.99,JOHNKEW,10%,$188.99,Standard,Thermoformed,Peel Ply-Coarse,T700 Carbon Fiber,Polypropylene Honeycomb,"2,169",67%,16,8,5.25,8.4,115.6,54%,6.98,84%,23.5,25%,54.2,26%,35.3,56%,41
ProXR,"Zane Navratil ""The Standard""",14,New,$209.99,JOHNKEW,10%,$188.99,Standard,Thermoformed,Peel Ply-Coarse,T700 Carbon Fiber,Polypropylene Honeycomb,"2,260",82%,16,8,5.25,8.2,107,16%,6.92,82%,22.7,6%,54.6,33%,34.7,35%,34
Reload,RLD 1-16,16,New,$200.00,JOHNKEW,10%,$180.00,Elongated,Thermoformed,Peel Ply-Coarse,T700 Carbon Fiber,Polypropylene Honeycomb,"2,108",55%,16.5,7.5,5.5,8.3,125.7,93%,6.54,59%,24.6,87%,54.8,39%,34.9,40%,40
Revolin,Revo Pro Pure Hybrid,16,New,$219.99,JOHNKEW,10%,$197.99,Hybrid,Cold Layered,Peel Ply-Coarse,Basalt epoxy,Polypropylene Honeycomb,"2,189",70%,15.9,7.8,5.25,8.1,104.5,8%,6.44,53%,22.7,6%,56.4,82%,34.1,18%,50
Revolin,Revo Pro Reach Hybrid,16,New,$219.99,JOHNKEW,10%,$197.99,Elongated,Cold Layered,Peel Ply-Coarse,Basalt epoxy,Polypropylene Honeycomb,"2,034",41%,16.4,7.3,6,8,107.8,20%,5.54,9%,23,11%,56.9,88%,33.8,13%,50
Revolin,Revo Reach Control,16,New,$189.00,,,$189.00,Elongated,Cold Layered,Grit,Flax & Hemp,Polypropylene Honeycomb,"1,056",1%,16.5,7.5,5.5,7.9,,,,,,,,,,,
Rokne,Republic 2.16 Standard,16,New,$209.99,JOHNKEW,10%,$188.99,Hybrid,Cold Layered,Grit,Mitsubishi T700 Carbon Fiber,Polypropylene Honeycomb,"1,176",3%,16.3,7.5,5.5,8.4,126.2,95%,6.5,56%,24.6,87%,52.7,10%,32.8,5%,7
Ronbus,EV1.16,16,New,$180.00,JOHNKEW,10%,$162.00,Elongated,Unibody Edgeless,Grit,Unknown,EVA Foam,"1,148",2%,16.4,7.4,5.25,8.1,117,63%,5.94,26%,23.8,44%,58.8,98%,34.6,31%,64
Ronbus,NOVA R1,16,New,$180.00,JOHNKEW,10%,$162.00,Elongated,Thermoformed,Peel Ply-Fine,Toray Carbon Fiber,Polypropylene Honeycomb,"2,089",49%,16.5,7.5,5.5,7.7,115,48%,5.72,16%,24.5,81%,55.2,50%,34.8,37%,43
Ronbus,NOVA R2,16,New,$180.00,JOHNKEW,10%,$162.00,Standard,Thermoformed,Peel Ply-Coarse,Toray Carbon Fiber,Polypropylene Honeycomb,"2,127",59%,16,8,5.5,7.9,108.4,23%,6.58,63%,23.6,31%,54.4,29%,35.4,60%,44
Ronbus,NOVA R3,16,New,$180.00,JOHNKEW,10%,$162.00,Elongated,Thermoformed,Peel Ply-Fine,Toray Carbon Fiber,Polypropylene Honeycomb,"2,068",45%,16.5,7.5,5.5,8.1,121,78%,6.1,31%,24.4,77%,55.4,55%,34.8,37%,46
Ronbus,Pulsar FX.R1,16,New,$180.00,JOHNKEW,10%,$162.00,Elongated,Thermoformed,Peel Ply-Coarse,Toray Carbon Fiber,Polypropylene Honeycomb,"2,264",83%,16.5,7.5,5.5,8.2,121.2,80%,6.21,42%,24.4,77%,56,73%,35.4,60%,66
Ronbus,Pulsar FX.R2,16,New,$180.00,JOHNKEW,10%,$162.00,Standard,Thermoformed,Peel Ply-Coarse,Toray Carbon Fiber,Polypropylene Honeycomb,"2,177",69%,16,8,5.5,8.2,114.1,46%,7.09,87%,23.4,21%,54.6,33%,36.3,81%,57
Ronbus,Pulsar FX.R3,16,New,$180.00,JOHNKEW,10%,$162.00,Elongated,Thermoformed,Peel Ply-Coarse,Toray Carbon Fiber,Polypropylene Honeycomb,"2,230",78%,16.5,7.5,5.5,8.1,121.8,83%,6.21,42%,24.6,87%,55.6,59%,35.9,75%,67
Ronbus,Pulsar R1,16,New,$180.00,JOHNKEW,10%,$162.00,Elongated,Thermoformed,Peel Ply-Fine,Toray Carbon Fiber,Polypropylene Honeycomb,"1,915",27%,16.5,7.5,5.5,7.9,116,56%,6.21,42%,23.9,50%,54.7,36%,35.1,48%,42
Ronbus,Pulsar R3,16,New,$180.00,JOHNKEW,10%,$162.00,Elongated,Thermoformed,Peel Ply-Fine,Toray Carbon Fiber,Polypropylene Honeycomb,"1,970",32%,16.5,7.5,5.5,8.3,125,92%,6.47,55%,23.8,44%,54,23%,33.1,5%,14
Ronbus,R1.16,16,New,$120.00,JOHNKEW,10%,$108.00,Elongated,Cold Layered,Peel Ply-Coarse,Toray Carbon Fiber,Polypropylene Honeycomb,"2,307",90%,16.5,7.5,5.5,8.1,117,63%,6.2,41%,,,,,,,
Ronbus,Ripple R1,14,New,$250.00,JOHNKEW,10%,$225.00,Elongated,Thermoformed,Peel Ply-Coarse,Toray Carbon Fiber,EVA foam with carbon fiber reinforcements,"2,343",94%,16.5,7.5,5.5,7.8,108.1,22%,5.35,6%,23.4,21%,57.6,95%,36.5,87%,91
Ronbus,Ripple R2,14,New,$250.00,JOHNKEW,10%,$225.00,Standard,Thermoformed,Peel Ply-Coarse,Toray Carbon Fiber,EVA foam with carbon fiber reinforcements,"2,344",94%,16,8,5.5,7.8,103.6,7%,6.1,31%,23.2,15%,57.1,92%,36.8,91%,92
Ronbus,Ripple R2 with 1 oz Slyce cap & 5.5 grams tungsten at neck & sides,14,New,$250.00,JOHNKEW,10%,$225.00,Standard,Thermoformed,Peel Ply-Coarse,Toray Carbon Fiber,EVA foam with carbon fiber reinforcements,"2,344",94%,16,8,5.5,8.8,106.2,13%,6.55,60%,21,0%,58.4,97%,37.2,95%,96
Ronbus,Ripple R2 with 11 grams tungsten at neck & sides,14,New,$250.00,JOHNKEW,10%,$225.00,Standard,Thermoformed,Peel Ply-Coarse,Toray Carbon Fiber,EVA foam with carbon fiber reinforcements,"2,344",94%,16,8,5.5,8.3,108.9,24%,7.17,90%,22.9,9%,57.6,95%,36.9,92%,93
Ronbus,Ripple with 5.5 grams tungsten at neck and sides,14,New,$250.00,JOHNKEW,10%,$225.00,Standard,Thermoformed,Peel Ply-Coarse,Toray Carbon Fiber,EVA foam with carbon fiber reinforcements,"2,344",94%,16,8,5.5,8,105.5,10%,6.46,54%,23.1,12%,57.6,95%,37,93%,94
Ronbus,XPRO EV1.T700.R2,16,New,$180.00,JOHNKEW,10%,$162.00,Elongated,Unibody Edgeless,Peel Ply-Fine,Toray Carbon Fiber,EVA Foam,"2,280",86%,16.5,7.5,5.5,7.9,112,35%,5.7,14%,23.5,25%,59.7,99%,,,
Ronbus,XPRO EV1.T700.R3,16,New,$180.00,JOHNKEW,10%,$162.00,Elongated,Unibody Edgeless,Peel Ply-Fine,Toray Carbon Fiber,EVA Foam,"2,210",76%,16.5,7.5,5.5,7.9,112,35%,5.7,14%,23.7,36%,59.6,99%,,,
Selkirk,AMPED Control Invikta,16,New,$160.00,INF-JOHNKEW,Gift Card $10-$40,$160.00,Elongated,Cold Layered,Grit,Fiberglass,Polypropylene Honeycomb,"1,855",22%,16.5,7.4,5.25,8.2,119.4,75%,5.93,25%,24,58%,54.2,26%,34.1,18%,22
Selkirk,Amped Pro Air Epic,16,New,$180.00,INF-JOHNKEW,Gift Card $10-$40,$180.00,Standard,Unibody Edgeless,Grit,Fiberglass,Polypropylene Honeycomb,"2,252",80%,15.8,8,5.25,8,111.3,32%,6.67,70%,24,58%,55.6,59%,35.3,56%,57
Selkirk,Amped Pro Air Invikta,16,New,$180.00,INF-JOHNKEW,Gift Card $10-$40,$180.00,Elongated,Unibody Edgeless,Grit,Fiberglass,Polypropylene Honeycomb,"2,080",48%,16.5,7.5,5.25,8,121.2,81%,5.93,25%,24.8,94%,55.6,59%,35.6,66%,62
Selkirk,Epic Vanguard,16,New,$200.00,INF-JOHNKEW,Gift Card $10-$40,$200.00,Standard,Cold Layered,Grit,Carbon Fiber,Polypropylene Honeycomb,"1,285",5%,15.8,8,5.25,7.9,,,,,,,,,,,
Selkirk,Invikta Amped,16,Used-3 months,$150.00,INF-JOHNKEW,Gift Card $10-$40,$150.00,Elongated,Cold Layered,Grit,Fiberglass,Polypropylene Honeycomb,"1,220",3%,16.5,7.4,5.25,7.3,109,24%,,,,,,,,,
Selkirk,Labs 007 Invikta,14,New,$333.00,INF-JOHNKEW,Gift Card $10-$40,$333.00,Elongated,Thermoformed,Grit,,,"2,198",72%,16.5,7.5,5.35,8.4,124.5,91%,6.14,35%,24.6,87%,56,73%,36.4,84%,79
Selkirk,Luxx Control Air Invikta,20,New,$250.00,INF-JOHNKEW,Gift Card $10-$40,$250.00,Elongated,Unibody Edgeless,Grit,Fiberglass & Carbon Fiber,Polypropylene Honeycomb,"2,229",78%,16.5,7.5,5.35,8.1,120,76%,5.96,26%,24.4,77%,51.6,2%,33.1,5%,4
Selkirk,Project 003,20,New,$333.00,INF-JOHNKEW,Gift Card $10-$40,$333.00,Standard,Unibody Edgeless,Grit,3K Woven Carbon Fiber,Polypropylene Honeycomb,"1,903",26%,15.9,7.9,5.25,7.7,,,,,,,,,,,
Selkirk,SLK Halo Power XL,13,New,$140.00,INF-JOHNKEW,Gift Card $10-$40,$140.00,Elongated,Cold Layered,Peel Ply-Coarse,T700 Carbon Fiber,Polypropylene Honeycomb,"1,849",20%,16.4,7.4,5.75,7.5,115,48%,5.27,5%,24.2,68%,51.9,4%,31.7,2%,3
Selkirk,SLK Halo Pro,14,New,$150.00,INF-JOHNKEW,Gift Card $10-$40,$150.00,Standard,Thermoformed,Peel Ply-Coarse,Kevlar & Carbon Fiber,Polypropylene Honeycomb,"2,028",39%,15.9,7.9,4.75,8,108.1,22%,6.9,80%,23.5,25%,55.3,51%,35.6,66%,59
Selkirk,Vanguard Power Air Invikta,12.7,New,$250.00,INF-JOHNKEW,Gift Card $10-$40,$250.00,Elongated,Unibody Edgeless,Grit,Fiberglass & Carbon Fiber,Polypropylene Honeycomb,"2,176",69%,16.5,7.4,5.25,7.8,106,11%,5.31,5%,23.1,12%,52.6,8%,35.8,72%,40
Selkirk,Vanguard Power Air Invikta,12.7,Used-1 month,$250.00,INF-JOHNKEW,Gift Card $10-$40,$250.00,Elongated,Unibody Edgeless,Grit,Fiberglass & Carbon Fiber,Polypropylene Honeycomb,"1,172",3%,16.5,7.4,5.25,7.8,106,11%,5.31,5%,23.1,12%,52.6,8%,35.8,72%,40
Selkirk,Vanguard Power Air S2,12.7,New,$250.00,INF-JOHNKEW,Gift Card $10-$40,$250.00,Standard,Unibody Edgeless,Grit,Fiberglass & Carbon Fiber,Polypropylene Honeycomb,"2,077",46%,15.8,8,5.38,7.8,,,,,,,,,,,
Six Zero,Black Diamond Power,14,New,$180.00,JOHNKEW,10%,$162.00,Hybrid,Thermoformed,Peel Ply-Coarse,Fiberglass,Polypropylene Honeycomb,"2,104",53%,16.3,7.7,5.5,7.9,111.7,34%,6.38,49%,23.9,50%,56.8,86%,35.7,69%,78
Six Zero,Double Black Diamond,14,New,$180.00,JOHNKEW,10%,$162.00,Hybrid,Thermoformed,Peel Ply-Coarse,Toray Carbon Fiber,Polypropylene Honeycomb,"2,077",46%,16.3,7.7,5.5,8.1,112,35%,6.33,46%,23.6,31%,53.7,20%,35.1,48%,34
Six Zero,Double Black Diamond,16,New,$180.00,JOHNKEW,10%,$162.00,Hybrid,Thermoformed,Peel Ply-Fine,Toray Carbon Fiber,Polypropylene Honeycomb,"2,062",44%,16.3,7.7,5.5,8.1,114,43%,6.66,69%,23.9,50%,54.7,36%,33.6,11%,23
Six Zero,Double Black Diamond (Early Batch),16,New,$180.00,JOHNKEW,10%,$162.00,Hybrid,Thermoformed,Peel Ply-Coarse,Toray Carbon Fiber,Polypropylene Honeycomb,"2,186",70%,16.3,7.7,5.5,8.1,,,,,,,,,,,
Six Zero,Infinity Black Diamond,16,New,$220.00,JOHNKEW,10%,$198.00,Hybrid,Thermoformed,Peel Ply-Coarse,Toray Fiberglass,Polypropylene Honeycomb,"2,273",85%,16.3,7.7,5.5,8,106.2,13%,5.7,14%,23,11%,54.5,32%,35.2,52%,42
Six Zero,Infinity Double Black Diamond,16,New,$220.00,JOHNKEW,10%,$198.00,Hybrid,Thermoformed,Peel Ply-Coarse,Toray Carbon Fiber,Polypropylene Honeycomb,"2,077",46%,16.3,7.7,5.5,8.1,110,26%,5.8,21%,23.2,15%,53.6,20%,34.6,31%,25
Six Zero,Quartz,15,New,$89.99,JOHNKEW,10%,$80.99,Standard,Cold Layered,Peel Ply-Coarse,Carbon Fiber,Polypropylene Honeycomb,"1,925",28%,16,7.9,5,7.9,107.8,20%,6.43,53%,23.6,31%,53.5,18%,35.1,48%,33
Six Zero,Ruby,16,New,$199.00,JOHNKEW,10%,$179.10,Hybrid,Thermoformed,Peel Ply-Coarse,Dupont Kevlar,Polypropylene Honeycomb,"2,271",84%,16.3,7.7,5.5,8.3,117,63%,6.81,78%,23.7,36%,55.6,59%,34.5,29%,44
Six Zero,Ruby,14,New,$199.00,JOHNKEW,10%,$179.10,Hybrid,Thermoformed,Peel Ply-Coarse,Dupont Kevlar,Polypropylene Honeycomb,"2,124",59%,16.3,7.7,5.5,8.2,114.1,46%,6.5,56%,23.7,36%,55.4,55%,35.9,75%,65
Six Zero,Triple Black Diamond (Willinator),15,New,$220.00,JOHNKEW,10%,$198.00,Elongated,Thermoformed,Peel Ply-Coarse,18K Toray Carbon Fiber,Polypropylene Honeycomb,"1,959",30%,16.6,7.6,6,8.2,126,94%,6.45,54%,24.8,94%,54.7,36%,34.9,40%,38
Six Zero,Black Diamond Power,16,New,$180.00,JOHNKEW,10%,$162.00,Hybrid,Thermoformed,Peel Ply-Coarse,Toray Fiberglass,Polypropylene Honeycomb,"2,217",78%,16.3,7.7,5.5,8,116,56%,6.76,74%,23.7,36%,55.3,51%,34.6,31%,41
Six Zero,Black Diamond Power (Early Batch),16,New,$180.00,JOHNKEW,10%,$162.00,Hybrid,Thermoformed,Peel Ply-Coarse,Toray Fiberglass,Polypropylene Honeycomb,"2,329",92%,16.3,7.7,5.5,8.1,,,,,,,,,,,
Spartus,Apollo,16,New,$129.99,JOHNKEW,10%,$116.99,Wide Body,Thermoformed,Peel Ply-Coarse,Dupont Kevlar,Polypropylene Honeycomb,"2,130",60%,15.9,8.2,5.5,8.1,110.1,28%,7.56,100%,23.4,21%,54.4,29%,34.2,22%,25
Spartus,Olympus,14,New,$199.99,JOHNKEW,10%,$179.99,Hybrid,Thermoformed,Peel Ply-Coarse,Toray Carbon Fiber,Foam-filled polypropylene honeycomb,"2,058",44%,16.4,7.7,5.5,8,110.5,30%,6.13,34%,23.5,25%,56.1,77%,35.8,72%,74
Speedup,Fire 14,14,New,$119.99,JOHNKEW,10%,$107.99,Elongated,Thermoformed,Peel Ply-Coarse,Toray Carbon Fiber,Polypropylene Honeycomb,"2,016",38%,16.5,7.5,6,7.8,117,63%,5.85,23%,24.3,73%,54.7,36%,35.1,48%,42
Speedup,Ice 16,16,New,$119.99,JOHNKEW,10%,$107.99,Elongated,Thermoformed,Peel Ply-Coarse,Toray Carbon Fiber,Polypropylene Honeycomb,"1,863",22%,16.5,7.5,6,7.8,122,84%,6.05,29%,24.9,96%,54.9,41%,33.4,7%,24
Standout,KC1,16,New,$195.00,,,$195.00,Elongated,Thermoformed,Peel Ply-Coarse,Kevlar & Carbon Fiber,Polypropylene Honeycomb,"2,042",42%,16.5,7.5,5.5,8,119.4,74%,5.59,11%,24.5,81%,55.6,59%,34.9,40%,49
Synergy,Royale,16,New,$200.00,JOHNKEW,10%,$180.00,Elongated,Thermoformed,Peel Ply-Coarse,Kevlar & Carbon Fiber,Polypropylene Honeycomb,"2,324",91%,16.5,7.5,5.5,8.4,127.4,96%,6.51,58%,24.6,87%,55.8,68%,34.5,29%,48
Synergy,Supreme,13,New,$200.00,JOHNKEW,10%,$180.00,Elongated,Thermoformed,Peel Ply-Coarse,Kevlar & Carbon Fiber,Polypropylene Honeycomb,"2,305",89%,16.5,7.5,5.5,7.8,115.3,52%,5.82,22%,24.3,73%,55.3,51%,36,77%,64
Thompson,515-Twill,14.25,New,$249.00,JOHNKEW,10%,$224.10,Hybrid,Cold Layered with Urethane Sidewall,Peel Ply-Coarse,Carbon Fiber (American-Sourced),Polypropylene Honeycomb,"2,418",98%,16.4,7.6,5.25,8.6,112.5,38%,6.83,78%,22.9,9%,56.5,84%,36.2,80%,82
Thompson,515-Uni,14.25,New,$249.00,JOHNKEW,10%,$224.10,Hybrid,Cold Layered with Urethane Sidewall,Peel Ply-Coarse,Carbon Fiber (American-Sourced),Polypropylene Honeycomb,"2,484",99%,16.4,7.6,5.25,8.2,107.5,18%,6.48,56%,22.9,9%,56.8,86%,36.7,90%,88
Thrive,Azul (medium-light),16,New,$199.99,JOHNKEW,10%,$179.99,Hybrid,Thermoformed,Peel Ply-Coarse,Kevlar & Carbon Fiber,Polypropylene Honeycomb,"2,155",65%,16.3,7.7,5.5,8.2,116.5,61%,6.62,67%,23.8,43%,55.6,59%,36.4,84%,71
Thrive,Azul (medium),16,New,$199.99,JOHNKEW,10%,$179.99,Hybrid,Thermoformed,Peel Ply-Coarse,Kevlar & Carbon Fiber,Polypropylene Honeycomb,"2,144",63%,16.3,7.7,5.5,8.2,117.3,65%,6.65,68%,23.9,50%,55.9,71%,35.3,56%,63
Thrive,Surge,16,New,$199.99,JOHNKEW,10%,$179.99,Hybrid,Thermoformed,Peel Ply-Coarse,Toray Carbon Fiber,Polypropylene Honeycomb,"2,215",77%,16.3,7.7,5.3,8,116.3,59%,6.73,72%,24.3,73%,55,43%,35.5,64%,53
Vatic Pro,Flash,14,New,$139.99,JOHNKEW,$10,$129.99,Hybrid,Thermoformed,Peel Ply-Fine,Toray Carbon Fiber,Polypropylene Honeycomb,"2,174",68%,16.3,7.7,5.3,8.1,,,,,,,,,,,
Vatic Pro,Prism Flash,16,New,$99.99,JOHNKEW,$10,$89.99,Hybrid,Hybrid,Peel Ply-Coarse,Toray Carbon Fiber,Polypropylene Honeycomb,"2,200",72%,16.3,7.7,5.3,7.8,111,30%,6.25,44%,24,58%,52.8,10%,33.4,7%,9
Vatic Pro,V7,16,New,$139.99,JOHNKEW,$10,$129.99,Elongated,Thermoformed,Peel Ply-Coarse,Toray Carbon Fiber,Polypropylene Honeycomb,"1,981",33%,16.5,7.5,5.3,8.2,124,90%,6.68,70%,23.2,15%,53.2,15%,33.4,7%,11
Versix,Vector,15,New,$129.99,JOHNKEW,10%,$116.99,Elongated,Thermoformed,Peel Ply-Coarse,T700 Carbon Fiber,Polypropylene Honeycomb,"2,103",53%,16.5,7.5,6,8.4,122.2,88%,6.93,82%,24.3,73%,56.8,86%,36,77%,81
Volair,Alto,14,New,$99.99,JOHNKEW,10%,$89.99,Elongated,Cold Layered,Grit,Fiberglass,Polypropylene Honeycomb,"1,798",16%,16.5,7.5,5.5,7.7,110.3,29%,5.75,17%,24,58%,53.4,17%,34.6,31%,24
Volair,Alto,16,New,$99.99,JOHNKEW,10%,$89.99,Elongated,Cold Layered,Grit,Fiberglass,Polypropylene Honeycomb,"1,737",13%,16.5,7.5,5.5,8.2,119.8,76%,6.2,41%,24.4,77%,53.8,21%,34.1,18%,19
Volair,Corto,16,New,$99.99,JOHNKEW,10%,$89.99,Wide Body,Cold Layered,Grit,Fiberglass,Polypropylene Honeycomb,"1,984",34%,15.9,8.1,5.5,8.1,110.1,28%,7.1,88%,23.8,44%,53.8,21%,33.6,11%,16
Volair,Corto,14,New,$99.99,JOHNKEW,10%,$89.99,Wide Body,Cold Layered,Grit,Fiberglass,Polypropylene Honeycomb,"1,892",25%,15.9,8.1,5.5,7.8,103.5,7%,6.85,79%,23.4,21%,53.2,15%,34.9,40%,28
Volair,Mach 1,14,New,$139.99,JOHNKEW,10%,$125.99,Elongated,Cold Layered,Peel Ply-Coarse,T700 Carbon Fiber,Polypropylene Honeycomb,"2,123",58%,16.5,7.5,5.5,8,114,43%,5.92,24%,24.2,68%,53.3,16%,34.1,18%,17
Volair,Mach 1,16,New,$139.99,JOHNKEW,10%,$125.99,Elongated,Cold Layered,Peel Ply-Coarse,T700 Carbon Fiber,Polypropylene Honeycomb,"2,002",36%,16.5,7.5,5.5,7.7,110,26%,5.72,16%,24,58%,52.8,10%,33.8,13%,12
Volair,Mach 1 Forza,14,New,$179.99,JOHNKEW,10%,$161.99,Elongated,Thermoformed,Peel Ply-Coarse,T700 Carbon Fiber,Polypropylene Honeycomb,"2,332",93%,16.5,7.5,5.5,7.8,111,30%,6.16,38%,23.9,50%,52.8,10%,35,44%,27
Volair,Mach 1 Forza,16,New,$179.99,JOHNKEW,10%,$161.99,Elongated,Thermoformed,Peel Ply-Coarse,T700 Carbon Fiber,Polypropylene Honeycomb,"2,205",75%,16.5,7.5,5.5,8,115,48%,6.4,51%,24.1,61%,54.6,33%,35,44%,39
Volair,Mach 2,14,New,$139.99,JOHNKEW,10%,$125.99,Wide Body,Cold Layered,Peel Ply-Coarse,T700 Carbon Fiber,Polypropylene Honeycomb,"2,345",96%,15.9,8.1,5.5,7.8,105.3,9%,6.75,73%,23.3,18%,52.3,5%,34,17%,11
Volair,Mach 2,16,New,$139.99,JOHNKEW,10%,$125.99,Wide Body,Cold Layered,Peel Ply-Coarse,T700 Carbon Fiber,Polypropylene Honeycomb,"2,329",92%,15.9,8.1,5.5,8,107.2,18%,6.9,80%,23.4,21%,52.5,6%,33.2,6%,6
Volair,Mach 2 Forza,16,New,$179.99,JOHNKEW,10%,$161.99,Wide Body,Thermoformed,Peel Ply-Coarse,T700 Carbon Fiber,Polypropylene Honeycomb,"2,330",92%,15.9,8.1,5.5,8.1,113.4,41%,7.3,94%,23.8,44%,54.7,36%,34,17%,26
Volair,Mach 2 Forza,14,New,$179.99,JOHNKEW,10%,$161.99,Wide Body,Thermoformed,Peel Ply-Coarse,T700 Carbon Fiber,Polypropylene Honeycomb,"2,236",79%,15.9,8.1,5.5,7.8,107.7,19%,6.8,75%,23.7,36%,54,23%,35.3,56%,39