Company,Paddle,Price,Swing weight,Twist weight,Balance,My paddles weight,Core thickness in mm,Grip length,Grip thickness,RPM,Shape,Face Material,Core Material,Youtube Review,Link to purchase,Discount code,Aa ignore,No ID,Grams,
11six24,Jelly Bean Pegasus 16mm,99.99,112,7.29,236,8.24,16,5.75,4.125,1943,Wide body,"Fiberglass,Raw carbon fiber",Polymer Honeycomb,https://www.youtube.com/watch?v=wYG8LZAkUNc,https://bit.ly/3WR8lK8,PBSTUDIO $10 OFF,,413,233.5,
11six24,Jelly Bean Pegasus 14mm,99.99,109,6.91,232,8.11,14,5.75,4.125,1958,Wide body,"Fiberglass,Raw carbon fiber",Polymer Honeycomb,,https://bit.ly/3WR8lK8,PBSTUDIO $10 OFF,,411,229.91,
11six24,Jelly Bean Vapor 16mm,99.99,114,6.7,241,8.02,16,5.75,4.125,,Hybrid,"Fiberglass,Raw carbon fiber",Polymer Honeycomb,,https://bit.ly/4hjHzBT,PBSTUDIO $10 OFF,,498,227.32,
11six24,Jelly Bean Hurache-X 16mm,99.99,115,6.03,237,7.93,16,6,4.125,,Elongated,"Fiberglass,Raw carbon fiber",Polymer Honeycomb,,https://bit.ly/3EqVQhz,PBSTUDIO $10 OFF,,499,224.8,
11six24,All Court Pegasus 16mm,139.99,114,7.22,239,8.21,16,5.75,4.125,1910,Wide body,"Fiberglass,Raw carbon fiber",Polymer Honeycomb,,https://bit.ly/3YADvH4,PBSTUDIO $10 OFF,,414,232.82,
11six24,All Court Vapor 16mm,139.9,117,6.76,243,8.14,16,5.75,4.125,,Hybrid,"Fiberglass,Raw carbon fiber",Polymer Honeycomb,,https://bit.ly/4jRoAAc,PBSTUDIO $10 OFF,,500,230.85,
11six24,All Court Hurache-X 16mm,139.99,118,6.21,245,8.1,16,6,4.125,,Elongated,"Fiberglass,Raw carbon fiber",Polymer Honeycomb,,https://bit.ly/4gvONBB,PBSTUDIO $10 OFF,,501,229.7,
11six24,Power Pegasus 16mm,169.99,107,7.21,234,8.12,16,5.75,4.125,,Wide body,Raw carbon fiber,Polymer Honeycomb,https://www.youtube.com/watch?v=Sa0ZAQgxlS0&ab_channel=PickleballStudio,https://bit.ly/40Q2dT7,PBSTUDIO $10 OFF,,523,230.1,
11six24,Power Vapor 16mm,169.99,113,6.74,236,8.05,16,5.75,4.125,,Wide body,Raw carbon fiber,Polymer Honeycomb,https://www.youtube.com/watch?v=Sa0ZAQgxlS0&ab_channel=PickleballStudio,https://bit.ly/40SkzTs,PBSTUDIO $10 OFF,,524,228.2,
11six24,Power Hurache-X 16mm,169.99,117,6.25,237,8.25,16,5.75,4.125,,Elongated,Raw carbon fiber,Polymer Honeycomb,https://www.youtube.com/watch?v=Sa0ZAQgxlS0&ab_channel=PickleballStudio,https://bit.ly/3Etxhka,PBSTUDIO $10 OFF,,525,233.8,
Adidas,Drive 2,69.99,105,7.11,226,8.15,14,4.75,4.125,1790,Standard,Fiberglass,Polymer Honeycomb,,https://bit.ly/3HlC8lX,,,201,230.93,
Adidas,Match Light 2,69.99,96,6.68,221,7.65,14,4.75,4.125,1800,Standard,Fiberglass,Polymer Honeycomb,,https://bit.ly/3HlC8lX,,,202,216.88,
Adidas,AdiPower Attk 2,199.99,116,6,239,8.08,14,5,4.125,1038,Elongated,Carbon Fiber,Polymer Honeycomb,,https://bit.ly/3r5JGnX,,,235,229.2,
Adidas,AdiPower CTRL,199.99,111,6.82,233,8.02,14,5,4.125,1058,Standard,Carbon Fiber,Polymer Honeycomb,,https://bit.ly/3sHB2fU,,,237,227.3,
Adidas,Adipower Carbon Team,159.99,116,5.72,241,7.79,16,5.5,4.5,1624,Elongated,Carbon Fiber,Polymer Honeycomb,,https://bit.ly/45TIhQo,,,236,220.93,
Adidas,Metalbone,259.99,116,5.62,,0,13,5.5,4.125,1512,Elongated,Carbon Fiber,PMI Foam,https://youtu.be/b-2yPs6VOYE,https://bit.ly/3R7pBb3,,,287,,
Aiso,Centric 16mm,99.99,118,6.27,,0,16,5.3,4.125,1888,Elongated,Raw carbon fiber,Polymer Honeycomb,,https://bit.ly/3uqBccZ,,,345,,
Avoura,Rhapsody 13mm,225,105,7.18,233,8.02,13,5.25,4.125,,Wide body,Raw carbon fiber,Polymer Honeycomb,,https://bit.ly/42NkKSS,PBSTUDIO 10% OFF,,491,227.32,
Ballr,Ballr Pro,99.99,126,6.18,,0,16,6,4.5,1943,Elongated,Raw carbon fiber,Polymer Honeycomb,,https://bit.ly/3EwbbKq,,,231,,
Babolat,Wzrd,219,108,6.38,226,8.59,20,5,4,,Wide body,"(Paint Grit),Carbon Fiber",Polymer Honeycomb,,,,,535,243.42,
Babolat,Ballr+,219,111,6,234,8.33,16,5.5,4,,Hybrid,"(Paint Grit),Carbon Fiber",Polymer Honeycomb,,,,,536,236.04,
Babolat,Strikr+,219,121,6.26,245,8.18,13,5.5,4,,Elongated,"(Paint Grit),Carbon Fiber",Polymer Honeycomb,,,,,537,231.94,
Body Helix,X1,160,122,6.85,242,8.33,16,5.25,4.25,,Elongated,Raw carbon fiber,Polymer Honeycomb,,https://bit.ly/3PxrDkc,,,224,236.1,
Body Helix,X4 Kevlar,140,115,6.52,238,8.23,16,5.25,4.25,,Hybrid,Raw carbon fiber,Polymer Honeycomb,,,,,444,233.3,
Body Helix,X4 Carbon,140,116,6.54,235,8.2,16,5.25,4.25,,Hybrid,Raw carbon fiber,Polymer Honeycomb,,,,,445,232.5,
Body Helix,X5,140,116,7.23,239,8.13,16,5.7,4.25,,Standard,Kevlar,Polymer Honeycomb,,,,,442,230.59,
Bread & Butter,Filth,165,125,6.17,,0,16,5.5,4.25,1850,Elongated,Raw carbon fiber,Polymer Honeycomb,https://www.youtube.com/watch?v=FWzHyWSRzYE&ab_channel=PickleballStudio,https://bit.ly/3NzLoXm,PBSTUDIO 10% OFF,,193,,
Bread & Butter,Loco,165,113,6.13,,0,16,5.3,4.25,1826,Hybrid,Raw carbon fiber,Polymer Honeycomb,,https://bit.ly/41d19IS,PBSTUDIO 10% OFF,,297,,
Bread & Butter,Shogun,189.99,120,6.18,241,8.11,16,5.5,4.25,1956,Elongated,"Carbon Fiber,Titanium",Polymer Honeycomb,,https://bit.ly/3wAUhKi,PBSTUDIO 10% OFF,,381,229.91,
Bread & Butter,Fat Boy,189.99,109,7.19,231,8.1,16,5.3,4.25,,Standard,Kevlar,Polymer Honeycomb,,https://bit.ly/4aST9Bp,PBSTUDIO 10% OFF,,393,229.63,
CRBN,CRBN1 16mm,179.99,122,6.02,245,8.08,16,5.5,4.25,1650,Elongated,Raw carbon fiber,Polymer Honeycomb,,https://bit.ly/3QvMRQ6,PBSTUDIO 10% OFF,,222,229.2,
CRBN,CRBN1 14mm,179.99,120,5.67,243,7.95,14,5.5,4.25,1831,Elongated,Raw carbon fiber,Polymer Honeycomb,,https://bit.ly/3QsRKtb,PBSTUDIO 10% OFF,,254,225.3,
CRBN,CRBN1 13mm,179.99,118,5.46,,0,13,5.5,4.25,1845,Elongated,Raw carbon fiber,Polymer Honeycomb,,https://bit.ly/45e5xYO,PBSTUDIO 10% OFF,,255,,
CRBN,CRBN2 16mm,179.99,108,7.1,233,7.95,16,4.75,4.25,1680,Standard,Raw carbon fiber,Polymer Honeycomb,,https://bit.ly/3qiH99x,PBSTUDIO 10% OFF,,120,225.3,
CRBN,CRBN2 14mm,179.99,108,6.77,233,7.96,14,4.75,4.25,1932,Standard,Raw carbon fiber,Polymer Honeycomb,,https://bit.ly/3QmrLDQ,PBSTUDIO 10% OFF,,256,225.6,
CRBN,CRBN2 13mm,179.99,102,6.45,231,7.74,13,4.75,4.25,1900,Standard,Raw carbon fiber,Polymer Honeycomb,,https://bit.ly/3QwkRvJ,PBSTUDIO 10% OFF,,257,219.3,
CRBN,CRBN1X 16mm,229.99,123,6.45,240,8.11,16,5.5,4.25,1720,Elongated,Raw carbon fiber,Polymer Honeycomb,https://www.youtube.com/watch?v=PFoHhLyM4Cg&list=PLd8WdtbnlZd4HAyVxwWGC9CxlK2Kmruyc&index=28,https://bit.ly/3X1RSzR,PBSTUDIO 10% OFF,,135,229.9,
CRBN,CRBN1X 14mm,229.99,117,5.9,244,7.81,14,5.5,4.25,1786,Elongated,Raw carbon fiber,Polymer Honeycomb,https://www.youtube.com/watch?v=PFoHhLyM4Cg&list=PLd8WdtbnlZd4HAyVxwWGC9CxlK2Kmruyc&index=28,https://bit.ly/3Qfhpn3,PBSTUDIO 10% OFF,,136,221.5,PBSTUDIO
CRBN,CRBN2X 16mm,229.99,109,7.57,231,8.08,16,4.75,4.125,1847,Standard,Raw carbon fiber,Polymer Honeycomb,https://www.youtube.com/watch?v=PFoHhLyM4Cg&list=PLd8WdtbnlZd4HAyVxwWGC9CxlK2Kmruyc&index=28,https://bit.ly/3QbTUv0,PBSTUDIO 10% OFF,,137,229,
CRBN,CRBN2X 14mm,229.99,103,6.85,231,7.69,14,4.75,4.125,1843,Standard,Raw carbon fiber,Polymer Honeycomb,https://www.youtube.com/watch?v=PFoHhLyM4Cg&list=PLd8WdtbnlZd4HAyVxwWGC9CxlK2Kmruyc&index=28,https://bit.ly/3X0Ovcz,PBSTUDIO 10% OFF,,138,218.1,
CRBN,CRBN3X 16mm,229.99,118,6.52,238,7.98,16,5.25,4.25,1980,Elongated,Raw carbon fiber,Polymer Honeycomb,,https://bit.ly/3OrVh8m,PBSTUDIO 10% OFF,,252,226.2,
CRBN,CRBN3X 14mm,229.99,112,6.1,233,7.83,14,5.25,4.25,1921,Elongated,Raw carbon fiber,Polymer Honeycomb,,https://bit.ly/3YuEc2w,PBSTUDIO 10% OFF,,253,221.9,
CRBN,CRBN1 Genesis,279.99,117,5.4,244,7.92,14,5.5,4.125,2151,Elongated,"Fiberglass,Raw carbon fiber",foam,https://www.youtube.com/watch?v=zRAj7z3TyqE&t=73s&ab_channel=PickleballStudio,https://bit.ly/42yrpQt,PBSTUDIO 10% OFF,,531,224.48,
CRBN,CRBN2 Genesis,279.99,112,6.68,238,8.14,14,5.25,4.125,2172,Wide body,"Fiberglass,Raw carbon fiber",foam,https://www.youtube.com/watch?v=zRAj7z3TyqE&t=73s&ab_channel=PickleballStudio,https://bit.ly/42yrpQt,PBSTUDIO 10% OFF,,532,230.75,
CRBN,CRBN3 Genesis,279.99,125,6.38,245,8.45,14,5.25,4.125,2132,Elongated,"Fiberglass,Raw carbon fiber",foam,https://www.youtube.com/watch?v=zRAj7z3TyqE&t=73s&ab_channel=PickleballStudio,https://bit.ly/42yrpQt,PBSTUDIO 10% OFF,,533,239.44,
Crush,Force 5G,199.99,113,6.86,237,8.27,16,5.25,4.25,,Standard,Raw carbon fiber,Polymer Honeycomb,,,,,538,234.56,
Chorus Pickleball,Echo SX,109,107,7.22,237,7.69,16,5.6,4.25,,Wide body,Raw carbon fiber,Polymer Honeycomb,,,PBSTUDIO 10% OFF,,513,218,
Chorus Pickleball,Echo HX,109,110,6.42,241,7.62,16,5.6,4.25,,Hybrid,Raw carbon fiber,Polymer Honeycomb,,,PBSTUDIO 10% OFF,,514,215.93,
Chorus Pickleball,Echo EX,109,114,6.19,241,7.72,16,5.6,4.25,,Elongated,Raw carbon fiber,Polymer Honeycomb,,,PBSTUDIO 10% OFF,,515,218.9,
Chorus Pickleball,Supercourt SX,119,109,7.22,235,7.89,16,5.6,4.25,,Wide body,Raw carbon fiber,Polymer Honeycomb,,,PBSTUDIO 10% OFF,,510,223.8,
Chorus Pickleball,Supercourt HX,119,113,6.66,241,7.87,16,5.6,4.25,,Hybrid,Raw carbon fiber,Polymer Honeycomb,,,PBSTUDIO 10% OFF,,511,223.07,
Chorus Pickleball,Supercourt EX,119,114,6.28,241,7.74,16,5.6,4.25,,Elongated,Raw carbon fiber,Polymer Honeycomb,,,PBSTUDIO 10% OFF,,512,219.31,
Chorus Pickleball,Shapeshifter (old aero head),189.99,119,6.91,238,8.3,16,5.3,4.25,2001,Hybrid,Raw carbon fiber,Polymer Honeycomb,,https://bit.ly/3xfDJb1,PBSTUDIO 10% OFF,,401,235.3,
Chorus Pickleball,Shapeshifter SX,174.99,109,6.96,239,7.81,16,5.6,4.25,,Wide body,Raw carbon fiber,Polymer Honeycomb,,https://bit.ly/3V41ZFW,PBSTUDIO 10% OFF,,451,221.39,
Chorus Pickleball,Shapeshifter HX,174.99,112,6.21,240,7.69,16,5.6,4.25,,Hybrid,Raw carbon fiber,Polymer Honeycomb,,https://bit.ly/3OmEmok,PBSTUDIO 10% OFF,,452,217.88,
Chorus Pickleball,Shapeshifter EX,174.99,115,6.07,242,7.8,16,5.6,4.25,,Elongated,Raw carbon fiber,Polymer Honeycomb,,https://bit.ly/40Yabv0,PBSTUDIO 10% OFF,,453,221,
Chorus Pickleball,Fire SX,169.99,106,6.96,236,7.78,14,5.6,4.25,,Wide body,"Carbon Fiber,Fiberglass,titanium (polyester threads)",Polymer Honeycomb,,,PBSTUDIO 10% OFF,,478,220.54,
Chorus Pickleball,Fire HX,169.99,110,6.33,239,7.74,14,5.6,4.25,,Hybrid,"Carbon Fiber,Fiberglass,titanium (polyester threads)",Polymer Honeycomb,,,PBSTUDIO 10% OFF,,479,219.32,
Chorus Pickleball,Fire EX,169.99,113,6.09,241,7.73,14,5.6,4.25,,Elongated,"Carbon Fiber,Fiberglass,titanium (polyester threads)",Polymer Honeycomb,,,PBSTUDIO 10% OFF,,480,219.2,PBSTUDIO
Diadem,Warrior Edge,174.95,120,6.48,,0,16,5,4.125,1475,Elongated,Raw carbon fiber,Polymer Honeycomb,https://www.youtube.com/watch?v=mKHZRLDtTZI,https://bit.ly/3OpIlOp,,,93,,
Diadem,Edge 18k,229.99,117,6.17,241,7.9,16,5.3,4.125,,Elongated,Raw carbon fiber,Polymer Honeycomb,,https://bit.ly/3tTxQOO,,,276,223.9,
Diadem,Edge 18k Pro Power,229.99,121,6.35,235,8.22,16,5.75,4.25,,Elongated,Raw carbon fiber,Polymer Honeycomb,,,,,275,232.9,
Diadem,Warrior,189.95,127,,,0,19,5.3,4.125,1452,Elongated,Carbon Fiber,"Polymer Honeycomb,kevlar",https://www.youtube.com/watch?v=CawNmUGX8vc,https://bit.ly/3EhnAPT,,,83,,
Diadem,Warrior v2,229.95,116,,,0,19,5.3,4.125,1588,Elongated,Raw carbon fiber,"Polymer Honeycomb,kevlar",https://www.youtube.com/watch?v=Lecpwc7M6vE&ab_channel=PickleballStudio,https://bit.ly/3HlC8lX,,,263,,
Diadem,Icon v1,159.95,107,5.89,227,7.98,8,5,4.25,1440,Standard,Carbon Fiber,Polymer Honeycomb,,https://bit.ly/3BGM9It,,,47,226.1,
Diadem,Icon v2,199.99,122,5.72,238,8.43,13.7,5.5,4.125,1851,Elongated,Carbon Fiber,"Polymer Honeycomb,kevlar",,https://bit.ly/42UMZMR,,,157,239,
Diadem,Icon Infinity Max,219.95,109,7.21,235,8.19,13.7,5,4.125,,Wide body,"(Paint Grit),Carbon Fiber",Polymer Honeycomb,,,,,520,232.26,
Diadem,Edge 18k Max,229.95,110,7.51,239,8.08,16,6,4.125,,Wide body,Raw carbon fiber,Polymer Honeycomb,,,,,519,229.1,
Diadem,Edge 18k Max Power,239.95,108,7.61,233,8.05,16,5,4.125,,Wide body,Raw carbon fiber,Polymer Honeycomb,,,,,518,228.25,
Electrum,Model E 13mm,159.99,111,5.87,,0,13,5.25,4.5,1664,Elongated,Raw carbon fiber,Polymer Honeycomb,,http://bit.ly/3tLL3ps,,,122,,
Electrum,Model E 16mm,179.99,117,6.33,,7.47,16,5.25,4.5,1664,Elongated,Raw carbon fiber,Polymer Honeycomb,https://youtu.be/pm7mSAKghW4,https://bit.ly/3BoneqS,,,89,211.83,PBSTUDIO
Electrum,Model E Elite,199.99,122,7.04,237,8.45,16,5.25,4.5,1800,Elongated,Raw carbon fiber,Polymer Honeycomb,https://www.youtube.com/watch?v=wKbjae9lkHs,https://bit.ly/42QHPB6,PBSTUDIO,,186,239.6,
Electrum,Pro II,199.99,123,7.25,239,8.21,11,5.5,4.25,1523,Standard,Raw carbon fiber,Polymer Honeycomb,,https://bit.ly/3z8Qd1a,PBSTUDIO 10% OFF,,39,232.8,
Electrum,Pro II Stealth,219.99,95,5.09,226,7.29,12,5.25,4.25,,Standard,Raw carbon fiber,Polymer Honeycomb,,https://bit.ly/49i6yBs,PBSTUDIO 10% OFF,,342,206.7,
Electrum,Model E Stealth,219.99,112,5.39,236,8.01,16,5.5,4.25,,Elongated,Raw carbon fiber,Polymer Honeycomb,,https://bit.ly/49yn3cs,PBSTUDIO 10% OFF,,343,227,
Electrum,Pro Stealth,219.99,87,5.38,222,7.11,12,5,4.25,1669,Standard,Raw carbon fiber,Polymer Honeycomb,,https://bit.ly/3wfk7D3,PBSTUDIO 10% OFF,,344,201.5,
Engage,Pursuit MX,219.99,122,6.54,,0,13,5.75,4.125,,Elongated,Graphite,Polymer Honeycomb,,https://bit.ly/3sTrfRo,PBSTUDIO 20% OFF,,213,,
Engage,Pursuit MX 6.0,219.99,137,7.85,,0,16,5.75,4.25,1520,Elongated,Graphite,Polymer Honeycomb,https://youtu.be/pm7mSAKghW4,https://bit.ly/3sTrfRo,PBSTUDIO 20% OFF,,63,,
Engage,Pursuit EX 6.0,219.99,120,8.2,,0,16,5,4.25,1513,Standard,Graphite,Polymer Honeycomb,https://youtu.be/pm7mSAKghW4,https://bit.ly/34pHqN0,PBSTUDIO 20% OFF,,40,,
Engage,Pursuit Ultra EX 6.0,259.99,114,7.44,,0,16,5,4.5,1331,Standard,Carbon Fiber,Polymer Honeycomb,https://www.youtube.com/watch?v=z52jrPihlKw&t=15s&ab_channel=PickleballStudio,https://bit.ly/3Oa2ADo,PBSTUDIO 20% OFF,,174,,
Engage,Encore MX 6.0,159.99,,,,0,15.24,5.75,4.125,1166,Elongated,Fiberglass,Polymer Honeycomb,,https://bit.ly/3czf0nK,PBSTUDIO 20% OFF,,28,,
,,,,,,0,,,,,Wide body,,,,,,,486,,
Engage,Pursuit Pro EX,259.99,107,6.64,,0,13,5,4.25,1997,Standard,Raw carbon fiber,Polymer Honeycomb,,https://bit.ly/3RfJop7,PBSTUDIO 20% OFF,,264,,
Engage,Pursuit Pro EX 6.0,259.99,114,7.19,240,7.97,16,5,4.375,2036,Standard,Raw carbon fiber,Polymer Honeycomb,,https://bit.ly/4665Nt8,PBSTUDIO 20% OFF,,265,225.9,
Engage,Pursuit Pro MX,259.99,121,6.15,,0,13,5.75,4.25,2012,Elongated,Raw carbon fiber,Polymer Honeycomb,,https://bit.ly/48lKRRd,PBSTUDIO 20% OFF,,266,,
Engage,Pursuit Pro MX 6.0,259.99,123,6.64,,0,16,5.75,4.375,2057,Elongated,Raw carbon fiber,Polymer Honeycomb,,https://bit.ly/3raJt2T,PBSTUDIO 20% OFF,,267,,
Engage,Pursuit Maxx MX 6.0,199.99,125,6.49,239,7.47,16,5.75,4.375,,Elongated,Raw carbon fiber,Polymer Honeycomb,,https://bit.ly/3OGbmsk,PBSTUDIO 20% OFF,,326,211.9,
Engage,Pursuit Maxx EX 6.0,199.99,117,7.69,243,7.8,16,5,4.375,,Standard,Raw carbon fiber,Polymer Honeycomb,,https://bit.ly/4bGoqrc,PBSTUDIO 20% OFF,,327,221,
Engage,Pursuit Pro1 6.0 (Mid weight),259.99,113,5.83,230,8.01,16,5.875,4.25,2003,Elongated,Raw carbon fiber,Polymer Honeycomb,https://www.youtube.com/watch?v=FOYiATAad8c&ab_channel=PickleballStudio,https://bit.ly/3w3mtp2,PBSTUDIO 20% OFF,,368,227.07,
Engage,Pursuit Pro1 6.0 (Lite),259.99,112,5.73,,7.62,16,5.875,4.25,2015,Elongated,Raw carbon fiber,Polymer Honeycomb,https://www.youtube.com/watch?v=FOYiATAad8c&ab_channel=PickleballStudio,https://bit.ly/3w3mtp2,PBSTUDIO 20% OFF,,369,216.02,
Engage,Pursuit Pro1 (Mid weight),259.99,110,5.66,,7.94,13,5.875,4.25,2023,Elongated,Raw carbon fiber,Polymer Honeycomb,https://www.youtube.com/watch?v=FOYiATAad8c&ab_channel=PickleballStudio,https://bit.ly/4aNHSBD,PBSTUDIO 20% OFF,,370,225.09,
Engage,Pursuit Pro1 (Lite),259.99,107,5.52,,7.74,13,5.875,4.25,1990,Elongated,Raw carbon fiber,Polymer Honeycomb,https://www.youtube.com/watch?v=FOYiATAad8c&ab_channel=PickleballStudio,https://bit.ly/4aNHSBD,PBSTUDIO 20% OFF,,371,219.42,
Engage,Extreme v2.16,159.99,125,6.88,242,8.19,16,5.25,4.25,1931,Elongated,Raw carbon fiber,Polymer Honeycomb,,https://bit.ly/3xWqiN7,PBSTUDIO 20% OFF,,328,232.1,
Engage,Extreme v2.14,159.99,115,6.27,239,7.79,14,5.25,4.25,1965,Elongated,Raw carbon fiber,Polymer Honeycomb,,https://bit.ly/3xWqiN7,PBSTUDIO 20% OFF,,329,220.9,
Engage,Encore Pro v2 15.2,99.99,105,6,231,7.81,15.3,5.4,4.25,1954,Hybrid,Fiberglass,Polymer Honeycomb,,,PBSTUDIO 20% OFF,,468,221.4,
Engage,Encore Pro v2 12.7,99.99,106,5.79,230,7.86,12.7,5.4,4.25,1901,Hybrid,Fiberglass,Polymer Honeycomb,,,PBSTUDIO 20% OFF,,469,222.8,
Engage,Evolution Aero,139.99,104,5.8,230,7.75,16,5.5,4.25,1830,Elongated,Raw carbon fiber,Polymer Honeycomb,,,,,470,219.8,
Engage,Pursuit v2.0,179.99,113,6.32,242,7.9,15.2,5.3,4.25,2008,Hybrid,Raw carbon fiber,Polymer Honeycomb,,,,,471,223.9,
Omega,Evolution Pro,129.99,130,6.6,,0,16,5.62,4.375,1530,Elongated,Fiberglass,Polymer Honeycomb,,https://bit.ly/3d8D3Kp,PBSTUDIO,,38,,
Omega,Evolution Elite,149.99,93,4.86,,0,9.5,5,4.25,1717,Standard,Carbon Fiber,Polymer Honeycomb,,https://bit.ly/3vEfAXN,PBSTUDIO,,32,,
Omega,Evolution Max,109.99,111,6.46,,0,12.7,5,4.25,1624,Standard,Carbon Fiber,Polymer Honeycomb,,https://bit.ly/3vE66vK,PBSTUDIO,,27,,
Franklin,Signature Carbon STK 14.5mm,149.99,113,5.87,241,7.69,14.5,5.6,4.375,1393,Elongated,Carbon Fiber,Polymer Honeycomb,https://youtu.be/0oPHJa0T408,https://bit.ly/3HlC8lX,PBSTUDIO 10% OFF,,123,218,
Franklin,Signature Carbon STK 17mm,149.99,120,6.6,246,7.89,17,5.6,4.25,1316,Elongated,Carbon Fiber,Polymer Honeycomb,https://youtu.be/0oPHJa0T408,https://bit.ly/3HlC8lX,PBSTUDIO 10% OFF,,124,223.8,
Franklin,FS Tour Dynasty 16mm,149.99,134,6.88,242,8.69,16,5.6,4.3,2014,Elongated,Raw carbon fiber,Polymer Honeycomb,,https://bit.ly/49g8F93,PBSTUDIO 10% OFF,,310,246.4,PBSTUDIO
Franklin,FS Tour Dynasty 14mm,149.99,121,6.45,241,8.12,14,5.6,4.3,1989,Elongated,Raw carbon fiber,Polymer Honeycomb,,https://bit.ly/49g8F93,PBSTUDIO 10% OFF,,311,230.2,
Franklin,FS Tour Tempo 16mm,149.99,115,7.04,,0,16,5,4.3,2009,Standard,Raw carbon fiber,Polymer Honeycomb,,https://bit.ly/49g8F93,PBSTUDIO 10% OFF,,312,,
Franklin,FS Tour Tempo 14mm,149.99,114,7.15,233,8.71,14,5,4.3,1983,Standard,Raw carbon fiber,Polymer Honeycomb,,https://bit.ly/49g8F93,PBSTUDIO 10% OFF,,313,246.9,
Franklin,FS Tour Tempo 12mm,149.99,98,5.93,229,7.38,12,5,4.3,1943,Standard,Raw carbon fiber,Polymer Honeycomb,,https://bit.ly/3WLUFAA,PBSTUDIO 10% OFF,,388,209.21,
Franklin,FS Tour Dynasty 12mm,149.99,104,5.57,234,7.28,12,5.6,4.3,1911,Elongated,Raw carbon fiber,Polymer Honeycomb,,https://bit.ly/3WLUFAA,PBSTUDIO 10% OFF,,389,206.38,
Franklin,C45 14mm,229.99,104,5.42,236,7.56,14,5.7,4.3,,Hybrid,Raw carbon fiber,Polymer Honeycomb,https://youtu.be/bv9Tz65mvi0,https://bit.ly/4iqfXes,PBSTUDIO 10% OFF,,490,214.41,
Friday Pickle,Original,99,116,6.29,240,8.08,16,5.5,4.25,2036,Elongated,Carbon Fiber,Polymer Honeycomb,,https://bit.ly/3GWXkyd,PBSTUDIO,,294,229.2,PBSTUDIO
Friday Pickle,Challenger,89,122,6.38,240,8.26,16,5.5,4.25,1890,Elongated,Raw carbon fiber,Polymer Honeycomb,,https://bit.ly/3UFdQdX,PBSTUDIO,,372,234.1,
Gamma,Obsidian 10mm,159.99,114,5.79,240,7.85,10,5.37,4.125,1889,Elongated,Raw carbon fiber,Polymer Honeycomb,,https://bit.ly/3UHGzPn,PBSTUDIO 10% OFF,,320,222.6,
Gamma,Obsidian 13mm,159.99,115,6.05,237,7.99,13,5.37,4.125,1702,Elongated,Raw carbon fiber,Polymer Honeycomb,,https://bit.ly/3uC6A8i,PBSTUDIO 10% OFF,,321,226.6,
Gamma,Obsidian 16mm,159.99,120,6.46,240,8.18,16,5.37,4.125,1754,Elongated,Raw carbon fiber,Polymer Honeycomb,,https://bit.ly/49iIaje,PBSTUDIO 10% OFF,,322,231.9,
Gamma,Airbender 16,199.99,112,5.51,220,8.99,16,5.37,4.125,1541,Elongated,Raw carbon fiber,Polymer Honeycomb,,https://bit.ly/3OKuPIq,PBSTUDIO 10% OFF,,323,254.8,
Gearbox,G2 Integra,139.99,113,5.54,243,7.97,14,5.5,4.125,2001,Standard,Carbon Fiber,Carbon Fiber,,https://bit.ly/49ECjEP,,,333,225.9,
Gearbox,G2 Quad,139.99,104,6.11,234,7.81,14,,4.125,2047,Standard,Carbon Fiber,Carbon Fiber,,,,,334,221.5,
Gearbox,G2 Elongated,119.99,120,5.41,247,7.96,14,5.5,4.125,2034,Elongated,Carbon Fiber,Carbon Fiber,,https://bit.ly/3OMpmke,,,335,225.8,
Gearbox,CX14E,199.99,101,4.29,216,7.96,14,5.6,3.625 & 3.9,1512,Elongated,Carbon Fiber,Carbon Fiber,https://www.youtube.com/watch?v=YFwA0lbFWCY&t=26s,https://bit.ly/3TwrJZe,,,97,225.8,
Gearbox,CX14H,199.99,91,5.16,209,7.95,14,5.6,3.625 & 3.9,1692,Standard,Carbon Fiber,Carbon Fiber,https://www.youtube.com/watch?v=YFwA0lbFWCY&t=26s,https://bit.ly/3e8FbCe,,,87,225.5,
Gearbox,CX14H Ultimate,249.99,109,5.75,223,8.48,14,5.6,3.625 & 3.9,1863,Standard,Carbon Fiber,Carbon Fiber,https://youtu.be/qm3snditb-M,https://bit.ly/3RdIXf9,,,146,240.4,
Gearbox,CX14E Ultimate,249.99,119,5.12,231,8.49,14,5.6,3.625 & 3.9,1850,Elongated,Carbon Fiber,Carbon Fiber,https://youtu.be/qm3snditb-M,https://bit.ly/3Zc6oYm,,,147,240.7,
Gearbox,CX11E Power 7.8oz,199.99,98,4.69,213,7.83,11,5.6,3.625 & 3.9,1556,Elongated,Carbon Fiber,Carbon Fiber,https://www.youtube.com/watch?v=hxGbWRccnoM&ab_channel=PickleballStudio,https://bit.ly/3P5w5D7,,,79,222,
Gearbox,CX11E Power 8.5oz,199.99,111,4.96,220,8.53,11,5.6,3.625 & 3.9,1512,Elongated,Carbon Fiber,Carbon Fiber,https://www.youtube.com/watch?v=hxGbWRccnoM&ab_channel=PickleballStudio,https://bit.ly/3RmE2Ft,,,68,241.9,
Gearbox,CX11E Control 8.5oz,199.99,113,4.97,224,8.55,11,5.6,3.625 & 3.9,1565,Elongated,Carbon Fiber,Carbon Fiber,https://www.youtube.com/watch?v=hxGbWRccnoM&ab_channel=PickleballStudio,https://bit.ly/3p3Qaio,,,41,242.3,
Gearbox,CX11E Control 7.8oz,199.99,102,4.65,219,7.86,11,5.6,3.625 & 3.9,1584,Elongated,Carbon Fiber,Carbon Fiber,https://www.youtube.com/watch?v=hxGbWRccnoM&ab_channel=PickleballStudio,https://bit.ly/3ed9Iix,,,46,222.8,
Gearbox,CX11Q Power 7.8oz,199.99,91,5.15,213,7.73,11,4.75,3.625 & 3.9,1584,Standard,Carbon Fiber,Carbon Fiber,https://www.youtube.com/watch?v=hxGbWRccnoM&ab_channel=PickleballStudio,https://bit.ly/3TuRmcF,,,71,219.2,
Gearbox,CX11Q Control 7.8oz,199.99,93,5.35,,0,11,4.75,3.625 & 3.9,1584,Standard,Carbon Fiber,Carbon Fiber,https://www.youtube.com/watch?v=hxGbWRccnoM&ab_channel=PickleballStudio,https://bit.ly/3ed9Iix,,,67,,
Gearbox,CX11Q Control 8.5oz,199.99,100,5.5,,0,11,4.75,3.625 & 3.9,1488,Standard,Carbon Fiber,Carbon Fiber,https://www.youtube.com/watch?v=hxGbWRccnoM&ab_channel=PickleballStudio,https://bit.ly/3KyCfLm,,,57,,
Gearbox,CX11Q Power 8.5oz,199.99,99,5.69,213,8.47,11,4.75,3.625 & 3.9,1584,Standard,Carbon Fiber,Carbon Fiber,https://www.youtube.com/watch?v=hxGbWRccnoM&ab_channel=PickleballStudio,https://bit.ly/3RmE2Ft,,,35,240.2,
Gearbox,GBX,199.99,122,6.33,235,8.57,16,5.5,4.25,1524,Elongated,Carbon Fiber,Polymer Honeycomb,https://www.youtube.com/watch?v=Du6cr8k1y0o&list=PLd8WdtbnlZd4HAyVxwWGC9CxlK2Kmruyc&index=30,https://bit.ly/3sR6Pef,,,143,243,
Gearbox,Pro Power Elongated,274.99,119,5.02,248,7.71,14,5.5,4,2078,Elongated,Raw carbon fiber,Carbon Fiber,https://youtu.be/wtmiw0njtSY,https://bit.ly/3QjKsHW,,,269,218.6,
Gearbox,Pro Control Elongated,274.99,120,4.86,245,7.92,14,5.5,4,2000,Elongated,Raw carbon fiber,Carbon Fiber,https://youtu.be/wtmiw0njtSY,https://bit.ly/3QjKsHW,,,270,224.6,
Gearbox,Pro Power Fusion,274.99,110,4.96,236,8.49,14,5.5,4,1966,Standard,Raw carbon fiber,Carbon Fiber,https://youtu.be/wtmiw0njtSY,https://bit.ly/3QjKsHW,,,271,240.6,
Gearbox,Pro Control Fusion,274.99,112,5.06,235,8.14,14,5.5,4,1998,Standard,Raw carbon fiber,Carbon Fiber,https://youtu.be/wtmiw0njtSY,https://bit.ly/3QjKsHW,,,272,230.9,
Gearbox,Pro Ultimate Elongated,274.99,124,5.43,253,8,16,5.5,4,1971,Elongated,Raw carbon fiber,Carbon Fiber,,https://bit.ly/4dx7xzp,,Gearbox Pro Ultimate,417,226.79,
Gearbox,Pro Ultimate Hyper,274.99,113,6.32,247,7.98,16,5.5,4,2014,Standard,Raw carbon fiber,Carbon Fiber,,,,,477,226.29,
GRUVN,16E,99,113,6.38,239,7.63,16,4.75,4.375,1491,Elongated,Raw carbon fiber,Polymer Honeycomb,,https://bit.ly/3RkkJww,PBSTUDIO 10% OFF,,56,216.2,PBSTUDIO
GRUVN,16H,99,120,5.82,245,7.68,16,5.875,4.5,1504,Elongated,Raw carbon fiber,Polymer Honeycomb,https://youtu.be/ZgFQO9rL14Yv,https://bit.ly/3RgIJAU,PBSTUDIO 10% OFF,,55,217.7,
GRUVN,MUVN 16X,159,117,6.36,234,8.25,16,5.5,4.125,1804,Elongated,Raw carbon fiber,Polymer Honeycomb,,https://bit.ly/44xv1An,PBSTUDIO 10% OFF,,209,233.9,
GRUVN,MUVN 13S,159,99,6.45,224,7.69,13,5.3,4.125,1863,Standard,Raw carbon fiber,Polymer Honeycomb,,https://bit.ly/3GwLHhc,PBSTUDIO 10% OFF,,303,218,
GRUVN,MUVN 16S,159,103,7.06,,0,16,5.3,4.25,1902,Standard,Raw carbon fiber,Polymer Honeycomb,,https://bit.ly/4bHz80I,PBSTUDIO 10% OFF,,330,,
GRUVN,MUVN 16E,159,118,6.68,234,8.4,16,5.3,4.25,1876,Elongated,Raw carbon fiber,Polymer Honeycomb,,https://bit.ly/4bBq5hZ,PBSTUDIO 10% OFF,,331,238.1,
GRUVN,MUVN 16H,159,119,6.07,238,8.11,16,5.75,4.25,1850,Elongated,Raw carbon fiber,Polymer Honeycomb,,https://bit.ly/49lnGq3,PBSTUDIO 10% OFF,,332,229.9,
GRUVN,MUVN 16V,159,104,7.61,225,8.28,16,4.75,4.25,1909,Standard,Raw carbon fiber,Polymer Honeycomb,,https://bit.ly/4aZhNz6,PBSTUDIO 10% OFF,,366,234.73,
GRUVN,LAZR-16HD,169,111,6.49,240,7.87,16,5.5,4.125,,Hybrid,"Carbon Fiber,Kevlar",Polymer Honeycomb,,,PBSTUDIO 10% OFF,,492,223.25,
GRUVN,LAZR-16X,169,117,6.33,242,8.02,16,5.5,4.125,,Elongated,"Carbon Fiber,Kevlar",Polymer Honeycomb,,,PBSTUDIO 10% OFF,,522,227.4,
Gryp,Balance 1,200,113,5.93,,0,15,5.5,4.25,1904,Elongated,Raw carbon fiber,Polymer Honeycomb,,https://bit.ly/488Sx8d,,,302,,
Head,Radical Nite,219.95,116,5.85,233,8.21,15,5.5,4.125,1875,Elongated,"(Paint Grit),Raw carbon fiber",Polymer Honeycomb,,,,,353,232.8,
Head,Boom Tour EX 2024,199.95,114,5.25,240,7.92,11,5.5,4.125,,Elongated,Raw carbon fiber,Polymer Honeycomb,,,,,418,224.45,
Head,Boom Team EX 2024,99.95,115,5.55,238,8.01,13,5.5,4.125,,Elongated,"(Paint Grit),Carbon Fiber",Polymer Honeycomb,,,,,419,227.14,
Holbrook,Power Pro 16mm,219.99,120,6.23,,0,16,5.5,4.25,1900,Elongated,Raw carbon fiber,Polymer Honeycomb,,https://bit.ly/3VuIyqr,PBSTUDIO 10% OFF,,314,,
Holbrook,Power Pro 14mm,219.99,120,6.13,,0,14,5.5,4.25,1888,Elongated,Raw carbon fiber,Polymer Honeycomb,,https://bit.ly/3VuIyqr,PBSTUDIO 10% OFF,,315,,
Holbrook,Power Pro 12mm,219.99,117,5.81,,0,12,5.5,4.25,1911,Elongated,Raw carbon fiber,Polymer Honeycomb,,,,,316,,
Holbrook,Power Pro E 16mm,219.99,117,6.44,,0,16,5.25,4.25,1890,Elongated,Raw carbon fiber,Polymer Honeycomb,,https://bit.ly/4cbW5IQ,PBSTUDIO 10% OFF,,317,,
Holbrook,Power Pro E 14mm,219.99,119,6.37,,0,14,5.25,4.25,1945,Elongated,Raw carbon fiber,Polymer Honeycomb,,https://bit.ly/4aXb1JQ,PBSTUDIO 10% OFF,,318,,
Holbrook,Aero T 16mm,199.99,113,5.73,236,7.9,16,5.5,4.25,,Elongated,Raw carbon fiber,Polymer Honeycomb,,,PBSTUDIO 10% OFF,,472,224.05,
Holbrook,Aero X 16mm,199.99,111,5.94,237,7.85,16,5.25,4.25,,Elongated,Raw carbon fiber,Polymer Honeycomb,,,PBSTUDIO 10% OFF,,473,222.63,
Honolulu Pickleball,J1,185,117,6.65,237,8.05,16,5.75,4.125,,Elongated,Raw carbon fiber,Polymer Honeycomb,,https://bit.ly/3yMqD5w,PBSTUDIO 10% OFF,,300,228.1,
Honolulu Pickleball,J2,145,113,6.82,233,8.08,16,5.5,4.125,,Hybrid,Raw carbon fiber,Polymer Honeycomb,,https://bit.ly/3yMquPw,PBSTUDIO 10% OFF,,299,229.06,PBSTUDIO
Honolulu Pickleball,J3,145,113,7.15,236,8.07,16,6,4.125,,Standard,Raw carbon fiber,Polymer Honeycomb,,https://bit.ly/3VyNIAH,PBSTUDIO 10% OFF,,398,228.9,
Honolulu Pickleball,J5,165,128,6.14,,0,16,5.75,4.125,,Elongated,Raw carbon fiber,Polymer Honeycomb,,https://bit.ly/45hi7Yn,PBSTUDIO 10% OFF,,400,,
Honolulu Pickleball,J1H,185,120,6.54,239,8.14,16,5.75,4.125,,Elongated,"Fiberglass,Raw carbon fiber",Polymer Honeycomb,,https://bit.ly/4ebkekK,PBSTUDIO 10% OFF,,301,230.8,
Honolulu Pickleball,J2H,145,113,7.13,235,8.22,16,5.5,4.125,,Hybrid,"Fiberglass,Raw carbon fiber",Polymer Honeycomb,,https://bit.ly/3Xc7jZC,PBSTUDIO 10% OFF,,399,233.03,
Honolulu Pickleball,J2K 16mm,155,113,6.95,235,8.17,16,5.5,4.125,1935,Hybrid,Kevlar,Polymer Honeycomb,https://www.youtube.com/watch?v=JIca-tx8Uj0&t=1s&ab_channel=PickleballStudio,https://bit.ly/3RiEZ47,PBSTUDIO-KEVLAR 10% OFF,,355,231.61,
Honolulu Pickleball,J2K 14mm,165,113,6.67,232,8.23,14,5.5,4.125,,Hybrid,Kevlar,Polymer Honeycomb,,https://bit.ly/4euIGwU,PBSTUDIO-KEVLAR 10% OFF,,438,233.4,
Honolulu Pickleball,J2K Pro,165,113,6.91,236,7.99,16,5.5,4.125,1648,Hybrid,Kevlar,Polymer Honeycomb,,https://bit.ly/3XeNCAG,PBSTUDIO-KEVLAR 10% OFF,,356,226.62,
Honolulu Pickleball,J2K+,,114,7,238,8.18,16,5.5,4.125,,Hybrid,Kevlar,Polymer Honeycomb,,,PBSTUDIO-KEVLAR 10% OFF,,494,232.04,
Honolulu Pickleball,J2XK,,112,6.27,240,7.88,16,6,4.125,,Hybrid,Kevlar,Polymer Honeycomb,,,PBSTUDIO-KEVLAR 10% OFF,,517,223.42,
Honolulu Pickleball,J2 Ti,155,114,6.87,234,8.13,16,5.5,4.125,,Hybrid,titanium (polyester threads),Polymer Honeycomb,https://www.youtube.com/watch?v=JIca-tx8Uj0&t=1s&ab_channel=PickleballStudio,,PBSTUDIO 10% OFF,,437,230.5,
Honolulu Pickleball,J2 Ti+,,114,7.04,238,8.28,16,5.5,4.125,,Hybrid,titanium (polyester threads),Polymer Honeycomb,,,PBSTUDIO 10% OFF,,493,234.75,
Honolulu Pickleball,J3K,155,117,7.28,238,8.29,16,6,4.125,,Standard,Kevlar,Polymer Honeycomb,,https://bit.ly/4ealBjD,PBSTUDIO-KEVLAR 10% OFF,,394,235.01,
Honolulu Pickleball,J3K Pro,165,111,6.95,234,7.97,16,6,4.125,,Standard,Kevlar,Polymer Honeycomb,,https://bit.ly/3Rhf0tK,PBSTUDIO-KEVLAR 10% OFF,,395,225.94,
Honolulu Pickleball,J4K,155,107,8.18,234,8,16,,4.125,,Wide body,Kevlar,Polymer Honeycomb,,,PBSTUDIO-KEVLAR 10% OFF,,504,226.8,
Honolulu Pickleball,J4K Pro,165,104,7.92,232,7.93,16,,4.125,,Wide body,Kevlar,Polymer Honeycomb,,,PBSTUDIO-KEVLAR 10% OFF,,521,224.73,
Honolulu Pickleball,J3 Ti,155,114,6.98,241,8.07,16,6,4.125,,Standard,titanium (polyester threads),Polymer Honeycomb,,,PBSTUDIO 10% OFF,,503,228.8,
Honolulu Pickleball,J7K,155,121,6.39,241,8.23,16,6,4.125,,Elongated,Kevlar,Polymer Honeycomb,,https://bit.ly/3KyB3sk,PBSTUDIO-KEVLAR 10% OFF,,396,233.31,
Honolulu Pickleball,J7K Pro,165,120,6.34,241,8.16,16,6,4.125,,Elongated,Kevlar,Polymer Honeycomb,,https://bit.ly/3yJNE9d,PBSTUDIO-KEVLAR 10% OFF,,397,231.33,
Hudef,Viva Pro 16mm,99,120,6.81,,0,16,5.5,4.25,1772,Elongated,Raw carbon fiber,Polymer Honeycomb,https://www.youtube.com/watch?v=wdzO-jzG1dY&ab_channel=PickleballStudio,https://bit.ly/3nPWixX,PBSTUDIO 10% OFF,,184,,
Hudef,Viva Pro 14mm,99,117,6.5,,0,14,5.5,4.125,1776,Elongated,Raw carbon fiber,Polymer Honeycomb,https://www.youtube.com/watch?v=wdzO-jzG1dY&ab_channel=PickleballStudio,https://bit.ly/3nPWixX,PBSTUDIO 10% OFF,,185,,
Hudef,Apex Pro 16mm,89,112,6.92,,0,16,4.9,4.25,1818,Standard,Raw carbon fiber,Polymer Honeycomb,,https://bit.ly/3KA1qyf,PBSTUDIO 10% OFF,,228,,
Hudef,Apex Pro 14mm,89,103,6.56,,0,14,4.9,4.125,1835,Standard,Raw carbon fiber,Polymer Honeycomb,,https://bit.ly/3KA1qyf,PBSTUDIO 10% OFF,,229,,
Hudef,Viva Pro Gen 2,,124,6.45,,0,16,,4.25,,Elongated,Raw carbon fiber,Polymer Honeycomb,,,,,339,,
Joola,Hyperion CFS 14mm,219.95,113,5.74,230,8.08,14,5.5,4.25,1624,Elongated,Raw carbon fiber,Polymer Honeycomb,"https://pickleballstudio.com/blog/joola-hyperion-cfs-14mm-review#:~:text=The%20Hyperion%2016mm%20CFS%20was,as%20much%20to%20get%20power.",https://bit.ly/3sJOWuH,PBSTUDIO 10% OFF,,116,229,PBSTUDIO
Joola,Solaire 14mm,189.95,119,,,0,14,5.5,4.125,1420,Standard,Raw carbon fiber,Polymer Honeycomb,https://www.youtube.com/watch?v=EZHmCpL_XME&t=8s,https://bit.ly/3MC2e4K,PBSTUDIO 10% OFF,,96,,
Joola,Solaire 14mm Swift,189.95,109,6.53,,0,14,5.5,4.125,1660,Standard,Raw carbon fiber,Polymer Honeycomb,,https://bit.ly/3sIgIev,PBSTUDIO 10% OFF,,212,,
Joola,Hyperion CFS 14mm Swift,219.95,112,5.82,241,7.78,14,5.5,4.125,1632,Elongated,Raw carbon fiber,Polymer Honeycomb,,bit.ly/3hZ4IQk,PBSTUDIO 10% OFF,,121,220.5,
Joola,Hyperion CFS 16mm,219.99,127,6.71,245,8.47,16,5.5,4.25,1584,Elongated,Raw carbon fiber,Polymer Honeycomb,https://www.youtube.com/watch?v=D3Hq38AA-M8&t=6s,https://bit.ly/3KxefaN,PBSTUDIO 10% OFF,,92,240.1,
Joola,Hyperion CFS Swift 16mm,219.95,113,6.18,241,7.98,16,5.5,4.125-4.25,1159,Elongated,Raw carbon fiber,Polymer Honeycomb,https://youtu.be/zUT-WhvbhzE,https://bit.ly/3Dyiosq,PBSTUDIO 10% OFF,,119,226.2,
Joola,Radius,179.95,98,,,0,16,5,4.125,1576,Teardrop,Raw carbon fiber,Polymer Honeycomb,https://youtu.be/D3Hq38AA-M8?si=MWYxLdrQlC1zZJpB,https://bit.ly/3QZt1Ku,PBSTUDIO 10% OFF,,91,,
Joola,Vision 14mm,169.95,109,5.23,235,7.73,14,5.5,4.125,1478,Elongated,Raw carbon fiber,Polymer Honeycomb,,https://bit.ly/3G9DLRO,PBSTUDIO 10% OFF,,81,219.1,
Joola,Vision 16mm,169.95,113,5.6,233,8.03,16,5.5,4.125,,Elongated,Raw carbon fiber,Polymer Honeycomb,,https://bit.ly/3zZDUpD,PBSTUDIO 10% OFF,,69,227.7,
Joola,Hyperion CAS 13.5,159.95,117,5.9,,0,13.5,5.5,4.25,1553,Elongated,Raw carbon fiber,Polymer Honeycomb,,https://bit.ly/3QgKEoc,PBSTUDIO 10% OFF,,72,,
Joola,Hyperion CAS 16,159.95,124,6.46,,0,16,5.5,4.25,1648,Elongated,Raw carbon fiber,Polymer Honeycomb,,https://bit.ly/3ddHMdS,PBSTUDIO 10% OFF,,61,,
Joola,Perseus 14mm,249.99,112,5.72,242,7.74,14,5.5,4.125,1772,Elongated,Raw carbon fiber,Polymer Honeycomb,https://www.youtube.com/watch?v=xY-jBaoPlqU&ab_channel=PickleballStudio,https://bit.ly/3NjF3z0,PBSTUDIO 10% OFF,,190,219.3,
Joola,Perseus 16mm,249.99,116,5.87,,0,16,5.5,4.25,1720,Elongated,Raw carbon fiber,Polymer Honeycomb,https://www.youtube.com/watch?v=xY-jBaoPlqU&ab_channel=PickleballStudio,https://bit.ly/3PcXNRU,PBSTUDIO 10% OFF,,189,,
Joola,Scorpeus Collin Johns 16mm,249.99,112,6.83,236,7.94,16,5.5,4.25,1784,Standard,Raw carbon fiber,Polymer Honeycomb,https://youtu.be/di4D34xNiBI,https://bit.ly/42wi742,PBSTUDIO 10% OFF,,191,225.1,
Joola,Scorpeus Anna Bright 14mm,249.99,111,6.5,236,7.96,14,5.5,4.125,1780,Standard,Raw carbon fiber,Polymer Honeycomb,https://youtu.be/di4D34xNiBI,https://bit.ly/45TEF1n,PBSTUDIO 10% OFF,,192,225.8,
Joola,Scorpeus3 16mm,279.99,111,6.99,237,7.99,16,5.25,4.25,,Standard,Raw carbon fiber,Polymer Honeycomb,https://youtu.be/JM49SmAAn-A,https://bit.ly/3Q3RdwJ,,,357,226.4,
Joola,Scorpeus3 14mm,279.99,109,6.73,,0,14,5.25,4.125,,Standard,Raw carbon fiber,Polymer Honeycomb,https://youtu.be/JM49SmAAn-A,https://bit.ly/3Q2Q20J,,,358,,
Joola,Perseus3 16mm,279.99,117,6.08,,0,16,5.5,4.25,,Elongated,Raw carbon fiber,Polymer Honeycomb,https://youtu.be/JM49SmAAn-A,https://bit.ly/442eYv5,,,359,,
Joola,Perseus3 14mm,279.99,115,5.83,,0,14,5.5,4.125,,Elongated,Raw carbon fiber,Polymer Honeycomb,https://youtu.be/JM49SmAAn-A,https://bit.ly/4aCw6df,,,360,,
Joola,Magnus3 16mm,279.99,120,6.36,239,7.97,16,5.25,4.25,,Elongated,Raw carbon fiber,Polymer Honeycomb,https://youtu.be/JM49SmAAn-A,https://bit.ly/3VWjEkd,,,361,225.94,
Joola,Magnus3 14mm,279.99,113,6.15,237,7.9,14,5.25,4.125,,Elongated,Raw carbon fiber,Polymer Honeycomb,https://youtu.be/JM49SmAAn-A,https://bit.ly/4aCngvZ,,,362,223.9,
Joola,Hyperion3 16mm,279.99,117,6.09,239,8.05,16,5.5,4.25,,Elongated,Raw carbon fiber,Polymer Honeycomb,https://youtu.be/JM49SmAAn-A,https://bit.ly/3xEghnU,,,363,228.21,
Joola,Hyperion3 14mm,279.99,113,5.78,238,7.81,14,5.5,4.125,,Elongated,Raw carbon fiber,Polymer Honeycomb,https://youtu.be/JM49SmAAn-A,https://bit.ly/43ZtwM2,,,364,221.5,
Joola,Mod TA-15 16mm,279.95,118,6.15,243,7.91,16,5.5,4.25,1993,Elongated,Raw carbon fiber,Polymer Honeycomb,https://www.youtube.com/watch?v=5P1zzADmr4A&t=4s,https://bit.ly/3YRvAoV,,,420,224.24,
Joola,Mod TA-15 14mm,279.95,114,5.82,240,7.75,14,5.5,4.125,1982,Elongated,Raw carbon fiber,Polymer Honeycomb,https://www.youtube.com/watch?v=5P1zzADmr4A&t=4s,https://bit.ly/4cuPglk,,,421,219.7,
Joola,Perseus 3S 16mm,279.95,119,6.32,,8.06,16,5.5,4.25,,Elongated,Raw carbon fiber,Polymer Honeycomb,https://youtu.be/sYkj-912WPo,,,,422,228.5,
Joola,Perseus 3S 14mm,279.95,119,6.03,243,7.95,14,5.5,4.125,,Elongated,Raw carbon fiber,Polymer Honeycomb,https://youtu.be/sYkj-912WPo,,,,423,225.4,
Joola,Magnus 3S 16mm,279.95,114,6.51,237,7.96,16,5.25,4.25,,Elongated,Raw carbon fiber,Polymer Honeycomb,https://youtu.be/sYkj-912WPo,,,,424,225.6,
Joola,Magnus 3S 14mm,279.95,117,6.15,240,8.02,14,5.25,4.125,,Elongated,Raw carbon fiber,Polymer Honeycomb,https://youtu.be/sYkj-912WPo,,,,425,227.3,
Joola,Hyperion 3S 16mm,279.95,117,6.13,241,8.02,16,5.5,4.25,,Elongated,Raw carbon fiber,Polymer Honeycomb,https://youtu.be/sYkj-912WPo,,,,426,227.3,
Joola,Hyperion 3S 14mm,279.95,113,5.9,242,7.79,14,5.5,4.125,,Elongated,Raw carbon fiber,Polymer Honeycomb,https://youtu.be/sYkj-912WPo,,,,436,220.9,
Joola,Scorpeus 3S 16mm,279.95,115,7.2,237,8.22,16,5.5,4.25,,Standard,Raw carbon fiber,Polymer Honeycomb,https://youtu.be/sYkj-912WPo,,,,427,233.1,
Joola,Scorpeus 3S 14mm,279.95,108,6.64,235,7.76,14,5.5,4.125,,Standard,Raw carbon fiber,Polymer Honeycomb,https://youtu.be/sYkj-912WPo,,,,435,219.9,
Joola,Perseus Pro IV 16mm,279.95,118,6.14,243,8.19,16,5.5,4.25,2048,Elongated,Raw carbon fiber,Polymer Honeycomb,https://www.youtube.com/watch?v=4nzqRCf7g3s&ab_channel=PickleballStudio,https://bit.ly/3F6DlPW,,,539,232.15,
Joola,Perseus Pro IV 14mm,279.95,113,5.9,243,7.84,14,5.5,4.125,2018,Elongated,Raw carbon fiber,Polymer Honeycomb,https://www.youtube.com/watch?v=4nzqRCf7g3s&ab_channel=PickleballStudio,https://bit.ly/3F6DlPW,,,540,222.35,
Joola,Agassi Pro IV 16mm,279.95,117,6.17,238,8.17,16,5.5,4.25,1997,Elongated,Raw carbon fiber,Polymer Honeycomb,https://www.youtube.com/watch?v=4nzqRCf7g3s&ab_channel=PickleballStudio,https://bit.ly/3F6DlPW,,,541,231.6,
Kiwi Labs,Slice,145,116,6.46,237,8.17,16,5.5,4.4,1435,Standard,Raw carbon fiber,Polymer Honeycomb,,https://bit.ly/3rHdRBP,,,247,231.5,
Legacy,Pro S,149.99,114,,,0,16,4.85,4.125,,Standard,Raw carbon fiber,Polymer Honeycomb,,https://bit.ly/3P7YElw,,,250,,
Mark Pickleball,Mark One,159.99,117,6.51,242,8.07,16,5.3,4.125,,Hybrid,"Carbon Fiber,Kevlar",Polymer Honeycomb,,https://bit.ly/4cbTz5m,PBSTUDIO 10% OFF,,379,228.78,PBSTUDIO
Mark Pickleball,Mark Two,159.99,120,6.57,241,8.11,16,5.5,4.125,,Elongated,"Carbon Fiber,Kevlar",Polymer Honeycomb,,https://bit.ly/4e4UjLo,PBSTUDIO 10% OFF,,380,229.91,
Mark Pickleball,Mark OneX,159.99,116,6.57,243,7.91,16,5.75,4.125,1937,Hybrid,"Carbon Fiber,Kevlar",Polymer Honeycomb,,https://bit.ly/3yKH9mA,PBSTUDIO 10% OFF,,378,224.24,
Neonic,Force,99.99,117,6.61,,0,16,5.3,4.25,1970,Elongated,Raw carbon fiber,Polymer Honeycomb,,https://bit.ly/4agD0Fo,PBSTUDIO 10% OFF,,308,,
Neonic,Flow,129.99,116,6.61,,0,16,5.5,4.25,2050,Hybrid,Raw carbon fiber,Polymer Honeycomb,,https://bit.ly/3UGZQkf,PBSTUDIO 10% OFF,,336,,
Neonic,Flare Ti,149.99,114,7.01,237,8.13,16,5.5,4.125,,Standard,Raw carbon fiber,Polymer Honeycomb,,,PBSTUDIO 10% OFF,,439,230.5,
Neonic,Flare Prime X,139.99,106,6.64,237,7.77,16,5.5,4.125,1869,Standard,"Fiberglass,Raw carbon fiber",Polymer Honeycomb,,https://bit.ly/48ASoMa,PBSTUDIO 10% OFF,,462,220.4,
Neonic,Flow Prime X,129.99,110,6.13,237,7.83,16,5.5,4.125,2071,Hybrid,"Fiberglass,Raw carbon fiber",Polymer Honeycomb,,https://bit.ly/4g17bSU,PBSTUDIO 10% OFF,,463,222,
Neonic,Flow Swift,,114,6.3,238,8.15,16,5.5,4.125,,Hybrid,titanium (polyester threads),Polymer Honeycomb,,,PBSTUDIO 10% OFF,,516,231.16,
Nexus,ProStar,169.99,124,6.34,242,8.21,16,5.5,4.25,,Elongated,titanium (polyester threads),"Foam injected cells,Polymer Honeycomb",,https://bit.ly/4e1hx4x,,,432,232.7,
Onix,Premier,149.99,115,7.28,,0,13,5,4.125,1272,Wide body,(Composite),Polymer Honeycomb,,https://bit.ly/3p1vJmt,,,52,,
Onix,Mayhem Max Control,209.99,118,8.34,242,8.28,16,5.35,4.25,1664,Standard,(Composite),Polymer Honeycomb,,https://bit.ly/3sN0uAH,,,239,234.8,
Onix,Malice DB 16,249.99,100,5.85,220,8.06,16,5,4.25,,Standard,(Composite),Polymer Honeycomb,,https://bit.ly/45FZuwV,,,242,228.6,
Onix,Malice 14,249.99,104,5.98,233,7.69,14,5,4.25,,Standard,(Composite),Polymer Honeycomb,,https://bit.ly/44LzqPz,,,244,217.9,
Onix,Z5,89.99,101,7.31,,0,13,5,4.25,,Wide body,Graphite,Nomex,,https://bit.ly/462gNIg,,,108,,
Oya,Obsidian,169.99,111,5.74,217,8.77,16,6.25,4.25,1890,Elongated,Raw carbon fiber,Polymer Honeycomb,https://youtu.be/VLt785Goqrw?si=n6tukQj2BsHFEeju,https://bit.ly/3JLwaMA,PBSTUDIO 10% OFF,,205,248.5,
Oya,Obsidian Max,169.99,111,4.74,219,8.36,16,7,4.25,1915,Elongated,Raw carbon fiber,Polymer Honeycomb,https://youtu.be/VLt785Goqrw?si=n6tukQj2BsHFEeju,https://bit.ly/44z2Lgv,PBSTUDIO 10% OFF,,200,237.1,PBSTUDIO
Oya,Phantom,169.99,123,6.45,236,8.5,16,6.25,4.25,1780,Elongated,Carbon Fiber,Polymer Honeycomb,https://youtu.be/VLt785Goqrw?si=n6tukQj2BsHFEeju,https://bit.ly/3NM9wEJ,PBSTUDIO 10% OFF,,204,241.1,
Oya,Phantom Max,169.99,123,5.47,230,8.41,16,7,4.25,1812,Elongated,Carbon Fiber,Polymer Honeycomb,https://youtu.be/VLt785Goqrw?si=n6tukQj2BsHFEeju,https://bit.ly/3O7LEgs,PBSTUDIO 10% OFF,,203,238.4,
Paddletek,TS-5,99.99,103,6.68,233,7.57,13,5,4.25,1061,Standard,Fiberglass,Polymer Honeycomb,,https://bit.ly/3HlC8lX,,,165,214.7,
Paddletek,Wave Pro v3,209.99,105,6.25,234,7.64,14.3,5.25,4.125 & 4.375,1850,Standard,Carbon Fiber,Polymer Honeycomb,,https://bit.ly/3EvJRMu,,,258,216.6,
Paddletek,Wave v3,199.99,110,6.87,237,7.66,12.7,5.25,4.125 & 4.375,1780,Standard,Carbon Fiber,Polymer Honeycomb,,https://bit.ly/3EvJRMu,,,259,217.1,
Paddletek,Reign Pro v3,209.99,114,5.52,,0,14.3,5.25,4.125 & 4.375,1816,Elongated,Carbon Fiber,Polymer Honeycomb,,https://bit.ly/3EvJRMu,,,260,,
Paddletek,Reign v3,199.99,110,5.78,,0,12.7,5.25,4.125 & 4.375,1810,Elongated,Carbon Fiber,Polymer Honeycomb,,https://bit.ly/3EvJRMu,,,261,,
Paddletek,Bantam ESQ-C 12.7mm,249.99,103,6.7,230,7.82,12.7,5.5,4.25,1979,Standard,"Fiberglass,Raw carbon fiber",Polymer Honeycomb,,,PBSTUDIO for 10% OFF,,440,221.81,
Paddletek,Bantam ESQ-C 14.3mm,249.99,106,6.8,235,7.78,14.3,5.5,4.25,1905,Standard,"Fiberglass,Raw carbon fiber",Polymer Honeycomb,,,PBSTUDIO for 10% OFF,,441,220.46,
Paddletek,Bantam ALW-C 14.3mm,249.99,103,6.56,232,7.77,14.3,5.25,4.25,2077,Standard,"Fiberglass,Raw carbon fiber",Polymer Honeycomb,https://youtu.be/waUoAyRiw38,https://bit.ly/3QKB3c9,PBSTUDIO for 10% OFF,,295,220.35,PBSTUDIO
Paddletek,Bantam ALW-C 12.7mm,249.99,102,6.53,233,7.66,12.7,5.25,4.25,2098,Standard,"Fiberglass,Raw carbon fiber",Polymer Honeycomb,https://youtu.be/waUoAyRiw38,https://bit.ly/3QKB3c9,PBSTUDIO for 10% OFF,,296,217.2,
Paddletek,Bantam TKO-C 14.3mm,249.99,118,6.6,245,7.9,14.3,5.25,4.25,2075,Elongated,"Fiberglass,Raw carbon fiber",Polymer Honeycomb,https://youtu.be/waUoAyRiw38,https://bit.ly/3QKB3c9,PBSTUDIO for 10% OFF,,374,223.96,
Paddletek,Bantam TKO-C 12.7mm,249.99,112,6.27,244,7.5,12.7,5.25,4.25,2065,Elongated,"Fiberglass,Raw carbon fiber",Polymer Honeycomb,https://youtu.be/waUoAyRiw38,https://bit.ly/3QKB3c9,PBSTUDIO for 10% OFF,,375,212.62,
Paddletek,Bantam TKO-CX 14.3mm,249.99,122,7.1,252,8,14.3,5.75,4.25,2045,Elongated,"Fiberglass,Raw carbon fiber",Polymer Honeycomb,https://youtu.be/waUoAyRiw38,https://bit.ly/3QKB3c9,PBSTUDIO for 10% OFF,,376,226.79,
Paddletek,Bantam TKO-CX 12.7mm,249.99,121,7.11,255,8,12.7,5.75,4.25,2021,Elongated,"Fiberglass,Raw carbon fiber",Polymer Honeycomb,https://youtu.be/waUoAyRiw38,https://bit.ly/3QKB3c9,PBSTUDIO for 10% OFF,,377,226.79,
Pro Kennex,Pro Speed II,169.95,,,,0,11,4.875,4,1488,Wide body,"Carbon Fiber,Fiberglass",Polymer Honeycomb,,https://bit.ly/3HlC8lX,,,70,,
Pro Kennex,Pro Flight,189.95,89,5.36,,0,11,4.875,4,1620,Wide body,Carbon Fiber,Polymer Honeycomb,,https://bit.ly/3HlC8lX,,,62,,
Pro Kennex,Black Ace Pro Ovation,249.99,101,5.92,,0,10,5.4,4,1654,Standard,Raw carbon fiber,Polymer Honeycomb,https://www.youtube.com/watch?v=pMwoPjwj7M0&list=PLd8WdtbnlZd4HAyVxwWGC9CxlK2Kmruyc&index=25&t=252s,https://bit.ly/3HlC8lX,,,133,,
Pro Kennex,Black Ace Pro,249.99,100,6.25,,0,10,5.3,4,1660,Standard,Raw carbon fiber,Polymer Honeycomb,https://www.youtube.com/watch?v=pMwoPjwj7M0&list=PLd8WdtbnlZd4HAyVxwWGC9CxlK2Kmruyc&index=25&t=252s,https://bit.ly/3HlC8lX,,,134,,
Pro Kennex,Black Ace LG Daniel de la Rosa,249.99,107,5.42,225,7.97,10,5.8,4,1777,Elongated,Raw carbon fiber,Polymer Honeycomb,,,,,352,226,
Pro Kennex,Black Ace XF 14mm,280,102,5.29,224,7.81,14,5.1,4,,Elongated,Raw carbon fiber,Polymer Honeycomb,,,,,506,221.5,
Pro Kennex,Black Ace 16mm,280,105,6.22,231,7.81,16,5.3,4,,Wide body,Raw carbon fiber,Polymer Honeycomb,,,,,507,221.41,
Pro Kennex,Black Ace 14mm,280,100,6.33,222,7.84,14,5.3,4,,Wide body,Raw carbon fiber,Polymer Honeycomb,,,,,508,222.2,
Pro Kennex,Black Ace LG 14mm,280,106,5.34,228,7.86,14,5.9,4,,Elongated,Raw carbon fiber,Polymer Honeycomb,,,,,509,222.9,
Pickleball Apes,Neo Line One,69.99,117,6.04,,0,16,5.5,4.5,1366,Elongated,Raw carbon fiber,Polymer Honeycomb,,https://bit.ly/44OIFiS,PBSTUDIO to save 10%,,243,,
Pickleball Apes,Pro Line Energy,149.99,120,5.66,,0,16.5,6.25,4.25,1743,Elongated,"Carbon Fiber,Kevlar",Polymer Honeycomb,,https://bit.ly/453IaSh,PBSTUDIO to save 10%,,197,,PBSTUDIO
Pickleball Apes,Pro Line Energy S,169.99,118,6.34,237,8.29,16.4,5.5,4.25,1740,Elongated,"Carbon Fiber,Kevlar",Polymer Honeycomb,https://www.youtube.com/watch?v=chVFvSDSRn4&ab_channel=PickleballStudio,https://bit.ly/3MgH6CQ,PBSTUDIO to save 10%,,281,234.9,
Pickleball Apes,Pulse V,199.99,110,7.34,235,8.14,16.5,5.5,4.25,1924,Wide body,Kevlar,Polymer Honeycomb,,https://bit.ly/4hg8jUl,PBSTUDIO to save 10%,,448,230.9,
Pickleball Apes,Pulse S,199.99,113,6.27,238,8.05,16.5,5.5,4.25,1910,Hybrid,Kevlar,Polymer Honeycomb,,https://bit.ly/3YE8VM7,PBSTUDIO to save 10%,,449,228.2,
Pickleball Apes,Pulse E,199.99,124,5.79,244,8.26,16.5,6.25,4.25,1835,Extra Elongated,Kevlar,Polymer Honeycomb,,https://bit.ly/3YDibAc,PBSTUDIO to save 10%,,450,234.1,
Pickleball Apes,Pulse X,199.99,122,6.16,244,8.14,16.5,,4.25,,Elongated,Kevlar,Polymer Honeycomb,,,PBSTUDIO to save 10%,,502,230.7,
Pickleball Poker,The Bet,75.99,123,5.48,246,7.94,16,6,4.25,1915,Elongated,Raw carbon fiber,Polymer Honeycomb,,https://bit.ly/46UcHBT,,,309,225.1,
ProXR,Zane Signature Carbon 13mm 2024,209.99,116,5.6,235,8.09,13,6,4,,Elongated,Raw carbon fiber,Polymer Honeycomb,https://www.youtube.com/watch?v=0KcD03X4BKI&ab_channel=PickleballStudio,https://bit.ly/3XIcJf5,PBSTUDIO to get $20 off,,404,229.34,
ProXR,Signature 16mm 2024,209.99,121,6.1,236,8.32,16,6,4,,Elongated,Raw carbon fiber,Polymer Honeycomb,https://www.youtube.com/watch?v=0KcD03X4BKI&ab_channel=PickleballStudio,https://bit.ly/3XIcJf5,PBSTUDIO to get $20 off,,405,235.86,
ProXR,The Standard 16mm 2024,209.99,116,7.4,234,8.33,16,5.25,4,,Standard,Raw carbon fiber,Polymer Honeycomb,https://www.youtube.com/watch?v=0KcD03X4BKI&ab_channel=PickleballStudio,https://bit.ly/4cF0LaC,PBSTUDIO to get $20 OFF,,403,236.15,
ProXR,The Standard 13mm 2024,209.99,115,7,233,8.43,13,5.25,4,,Standard,Raw carbon fiber,Polymer Honeycomb,https://www.youtube.com/watch?v=0KcD03X4BKI&ab_channel=PickleballStudio,https://bit.ly/4cF0LaC,PBSTUDIO to get $20 OFF,,402,238.93,
Proton,Series 1 Type A Square 11mm,280,118,6.95,,8.26,11,5.25,4.25,,Standard,Carbon Fiber,Polymer Honeycomb,,,,,373,234.16,
Professor,PhD,99.99,119,5.95,240,8.21,16,5.5,4.25,1806,Elongated,Raw carbon fiber,Polymer Honeycomb,,,,,298,232.7,
ProDrive,Drive,199,130,7.26,243,8.72,19,5,4.125,1485,Elongated,Carbon Fiber,"Polymer Honeycomb,kevlar",,https://bit.ly/3KMIPOu,PBSTUDIO to save 10%,,111,247.3,
ProDrive,Drive Carbon,199,132,7.56,242,8.89,19,5,4.25,1798,Elongated,Raw carbon fiber,"Polymer Honeycomb,kevlar",,https://bit.ly/44KjiOr,PBSTUDIO to save 10%,,218,251.9,
ProDrive,Encounter,219,116,5.45,,0,16,5.5,4.25,,Elongated,Raw carbon fiber,"Nomex,Polymer Honeycomb",,,PBSTUDIO to save 10%,,290,,
ProDrive,Ghost,189,114,6.59,235,8,16,5.5,4.125,1740,Elongated,Raw carbon fiber,Nomex,,https://bit.ly/3PtxVB1,PBSTUDIO to save 10%,,219,226.9,
ProDrive,Maverick,265,114,5.76,239,8.06,16,5.5,4.125,,Hybrid,"Kevlar,Raw carbon fiber","Nomex,Polymer Honeycomb",,,PBSTUDIO to save 10%,,505,228.6,
PIKKL,Vantage Pro 16mm,139,120,6.75,,0,16,5.35,4.25,1966,Hybrid,Raw carbon fiber,Polymer Honeycomb,,https://pikkl.com/,PBSTUDIO,,278,,
PIKKL,Vantage Pro 14mm,139,114,6.3,,0,14,5.35,4.25,2089,Hybrid,Raw carbon fiber,Polymer Honeycomb,,https://pikkl.com/,PBSTUDIO,,279,,
PIKKL,Hurricane Pro 16mm,159.99,108,6.71,236,7.9,16,5.5,4.25,2041,Standard,Raw carbon fiber,Polymer Honeycomb,,https://pikkl.com/,PBSTUDIO,,350,223.96,
PIKKL,Hurricane Pro 14mm,159.99,106,6.52,235,7.76,14,5.5,4.25,2056,Standard,Raw carbon fiber,Polymer Honeycomb,,https://pikkl.com/,PBSTUDIO,,351,219.99,
Reload,RLD 1-16,200,122,6.2,246,8.25,16,5.5,4.25,1979,Elongated,Raw carbon fiber,Polymer Honeycomb,https://youtu.be/at8whDOjsH4,https://bit.ly/4d7a4R8,PBSTUDIO to save 10%,RLD 1-16,416,233.88,
Ronbus,R1.16,120,117,6.19,,0,16,5.5,4.25,2120,Elongated,Raw carbon fiber,Polymer Honeycomb,,http://bit.ly/3SWHI2H,PBSTUDIO to save $20,,149,,PBSTUDIO
Ronbus,Nova.R1,180,114,5.81,237,7.82,16,5.5,4.125,1805,Elongated,Raw carbon fiber,Polymer Honeycomb,https://www.youtube.com/watch?v=a4t4pDSYLdk&ab_channel=PickleballStudio,https://bit.ly/3PrARy6,PBSTUDIO to save $20,,262,221.7,
Ronbus,Nova.R3,180,121,6.08,242,8.13,16,5.5,4.125,1811,Elongated,Raw carbon fiber,Polymer Honeycomb,,https://bit.ly/45IHkub,PBSTUDIO to save $20,,280,230.6,
Ronbus,R1 Pulsar (5.25” handle),169.99,113,6.19,,0,16,5.25,4.125,2006,Hybrid,Raw carbon fiber,Polymer Honeycomb,https://www.youtube.com/watch?v=mymFwG8_HYA&t=60s,https://bit.ly/45IHkub,PBSTUDIO to save $20,,187,,
Ronbus,R1 Pulsar (5.5” handle),169.99,117,6.22,,0,16,5.5,4.125,1975,Elongated,Raw carbon fiber,Polymer Honeycomb,,https://bit.ly/45IHkub,PSTUDIO to save $20,,221,,
Ronbus,R3 Pulsar,169.99,124,6.39,241,8.2,16,5.5,4.125,2076,Elongated,Raw carbon fiber,Polymer Honeycomb,https://www.youtube.com/watch?v=mymFwG8_HYA&t=60s,https://bit.ly/3ZaslqC,PBSTUDIO to save $20,,188,232.6,
Ronbus,Pulsar FX1,180,119,6.29,240,8.16,16,5.5,4.125,2029,Elongated,Raw carbon fiber,Polymer Honeycomb,,https://bit.ly/4bfAOhy,PBSTUDIO to save $20,,384,231.33,
Ronbus,Pulsar FX2,180,112,7.05,236,8.14,16,5.5,4.125,1993,Standard,Raw carbon fiber,Polymer Honeycomb,,https://bit.ly/3WG8aRZ,PBSTUDIO to save $20,,385,230.76,
Ronbus,Pulsar FX3,180,123,6.29,246,8.22,16,5.5,4.125,2003,Elongated,Raw carbon fiber,Polymer Honeycomb,,https://bit.ly/3ylKGYx,PBSTUDIO to save $20,,386,233.03,
Ronbus,Ripple R1.14,260,114,5.52,240,7.98,14,5.5,4.125,,Elongated,Raw carbon fiber,"Carbon Fiber,EVA Foam",,,PBSTUDIO to save $20,,481,226.3,
Rokne,Curve Classic,89.99,123,,,0,13,5.5,4.25,1355,Elongated,Fiberglass,Polymer Honeycomb,,https://bit.ly/3HlC8lX,,,66,,
Rokne,X,179.99,109,,,0,16,5.25,4.25,1454,Elongated,Carbon Fiber,Polymer Honeycomb,,https://bit.ly/3HlC8lX,,,25,,
Rokne,Aeroblade,299.99,133,5.71,,0,16,5.5,4.25,1543,Elongated,3k carbon fiber,Polymer Honeycomb,,,,,324,,
Speed Up,Fire 14mm,119.99,114,5.78,239,7.78,14,6,4.125,,Elongated,Raw carbon fiber,Polymer Honeycomb,,https://bit.ly/3SIcTiB,,,340,220.5,
Speed Up,Ice 16mm,119.99,121,6.03,241,7.87,16,6,4.125,,Elongated,Raw carbon fiber,Polymer Honeycomb,,https://bit.ly/49Ceeys,,,341,223.2,
Spartus,Ballista,159.99,110,5.66,233,8,16,5.4,4.25,1863,Elongated,Carbon Fiber,Polymer Honeycomb,,https://bit.ly/3QsJvNE,PBSTUDIO 10% OFF,,216,226.7,
Spartus,Gladius 16,84.99,125,6.19,245,8.15,16,5.5,4.3,1791,Elongated,Raw carbon fiber,Polymer Honeycomb,,https://bit.ly/3QhKPmv,PBSTUDIO 10% OFF,,245,231,PBSTUDIO
Spartus,Gladius Centurion,99.99,118,5.93,,0,16,5.5,4.125,1829,Elongated,Raw carbon fiber,Polymer Honeycomb,,https://bit.ly/3uWwxPT,PBSTUDIO 10% OFF,,305,,
Spartus,Apollo,129.99,107,7.48,229,8.14,16,5.5,4.125,2072,Standard,Kevlar,Polymer Honeycomb,https://www.youtube.com/watch?v=HpKprVtGFqo&t=431s,https://bit.ly/44drRlZ,PBSTUDIO 10% OFF,,365,230.76,
Spartus,Olympus,199.99,113,6.24,234,8.08,14,5.5,4.25,,Hybrid,Raw carbon fiber,Polymer Honeycomb,https://www.youtube.com/watch?v=Nz0fffaL27M&t=193s&ab_channel=PickleballStudio,,PBSTUDIO 10% OFF,,410,229.06,
SLK,Omega Max,139.99,103,6.2,,0,13,5,4.25,1700,Standard,"Carbon Fiber,Fiberglass",Polymer Honeycomb,https://www.youtube.com/watch?v=iII4PtfInu0&t=348s,https://bit.ly/3K8c8uE,INF-PBSTUDIO to receive a digital gift card,,50,,
SLK,Evo Soft Max,119.99,105,,,0,16,4.875,4.25,1296,Standard,Carbon Fiber,Polymer Honeycomb,,https://bit.ly/34pTeyM,,,30,,
SLK,EVO 2.0 Control XL,99.99,109,5.59,,0,16,5.75,4.25,1440,Elongated,Carbon Fiber,Polymer Honeycomb,,https://bit.ly/3Pbws0U,,,226,,
SLK,EVO 2.0 Hybrid XL,99.99,107,5.4,,0,13,5.75,4.25,1400,Elongated,Carbon Fiber,Polymer Honeycomb,,https://bit.ly/3EOlkTb,,,230,,
SLK,EVO 2.0 Power XL,99.99,111,6.36,,0,13,5.75,4.25,1460,Elongated,Carbon Fiber,Polymer Honeycomb,,https://bit.ly/3XYnatm,,,227,,
SLK,Halo Control XL 16mm,130,114,5.44,231,7.84,16,5.75,4.25,,Elongated,Raw carbon fiber,Polymer Honeycomb,,,INF-PBSTUDIO to receive a digital gift card,,433,222.3,
SLK,Halo Power XL 13mm,130,117,5.79,238,7.93,13,5.75,4.25,,Elongated,Raw carbon fiber,Polymer Honeycomb,,,INF-PBSTUDIO to receive a digital gift card,,434,224.9,
SLK,Halo Pro Max 14mm,150,111,7.1,233,8.16,14,4.85,4.25,,Standard,Kevlar,Polymer Honeycomb,,,INF-PBSTUDIO to receive a digital gift card,,475,231.4,
SLK,Halo Pro XL 14mm,150,124,5.89,240,8.14,14,5.75,4.25,,Elongated,Kevlar,Polymer Honeycomb,,,INF-PBSTUDIO to receive a digital gift card,,476,230.8,
Selkirk,Vanguard S2 Control,199.99,105,6.98,,0,16,4.7,4.25,1940,Standard,Raw carbon fiber,Polymer Honeycomb,,https://bit.ly/48wOBxS,INF-PBSTUDIO to receive a digital gift card,,346,,
Selkirk,Vanguard Epic Control,199.99,110,6.21,,0,16,5.3,4.25,1925,Standard,Raw carbon fiber,Polymer Honeycomb,,https://bit.ly/3OXOF2O,INF-PBSTUDIO to receive a digital gift card,,347,,
Selkirk,Vanguard Invikta Control Midweight,199.99,114,5.81,,0,16,5.5,4.25,2035,Elongated,Raw carbon fiber,Polymer Honeycomb,,https://bit.ly/3uNSalw,INF-PBSTUDIO to receive a digital gift card,,348,,
Selkirk,Vanguard Invikta Control Lightweight,199.99,104,5.3,234,7.35,16,5.5,4.25,2018,Elongated,Raw carbon fiber,Polymer Honeycomb,,https://bit.ly/3uNSalw,INF-PBSTUDIO to receive a digital gift card,,349,208.5,
Selkirk,Vanguard Power Air Invikta,249.99,112,5.58,,0,13,5.25,4.25,1851,Elongated,"Carbon Fiber,Fiberglass",Polymer Honeycomb,https://www.youtube.com/watch?v=1gkkyeeoJCw,https://bit.ly/3SPbzdb,INF-PBSTUDIO to receive a digital gift card,,74,,
Selkirk,Luxx Control Air Invikta,249.99,114,5.83,232,8.1,20,5.35,4.25,1895,Elongated,Carbon Fiber,Polymer Honeycomb,https://www.youtube.com/watch?v=pVyBIoX2XSo&t=470s&ab_channel=PickleballStudio,https://bit.ly/409IpcA,INF-PBSTUDIO to receive a digital gift card,,274,229.7,
Selkirk,Luxx Contral Air Epic,249.99,113,6.33,,0,20,5.25,4.25,1900,Standard,Carbon Fiber,Polymer Honeycomb,https://www.youtube.com/watch?v=pVyBIoX2XSo&t=470s&ab_channel=PickleballStudio,https://bit.ly/409IpcA,INF-PBSTUDIO to receive a digital gift card,,288,,
Selkirk,Luxx Control Air S2,249.99,109,7.11,233,8.21,20,4.5,4.25,1881,Standard,Carbon Fiber,Polymer Honeycomb,https://www.youtube.com/watch?v=pVyBIoX2XSo&t=470s&ab_channel=PickleballStudio,https://bit.ly/409IpcA,INF-PBSTUDIO to receive a digital gift card,,289,232.8,
Selkirk Labs,Project 001 Epic,333,103,,,0,13,5.25,4,991,Standard,Carbon Fiber,Polymer Honeycomb,https://www.youtube.com/watch?v=M8OgwkqN6Kg&t=1s,https://bit.ly/3PtVU39,INF-PBSTUDIO to receive a digital gift card,,94,,
Selkirk Labs,Project 001 Invikta,333,,,,0,13,5.25,4,987,Standard,Carbon Fiber,Polymer Honeycomb,https://www.youtube.com/watch?v=M8OgwkqN6Kg&t=1s,https://bit.ly/3PtVU39,INF-PBSTUDIO to receive a digital gift card,,86,,
Selkirk Labs,Project 002 Invikta,333,113,,,0,13,5.25,4.25,1800,Elongated,"Carbon Fiber,Fiberglass",Polymer Honeycomb,https://www.youtube.com/watch?v=9EK4lsIYaCw,https://bit.ly/3PvGaNh,INF-PBSTUDIO to receive a digital gift card,,84,,
Selkirk Labs,Project 003 Epic,333,98,,,0,20,5.25,4.25,1740,Standard,Carbon Fiber,Polymer Honeycomb,https://www.youtube.com/watch?v=oWkucb04HGk,https://bit.ly/3Z64gRR,INF-PBSTUDIO to receive a digital gift card,,82,,
Selkirk Labs,Project 003 Invikta,333,105,5.44,,0,20,5.5,4.25,1800,Elongated,Carbon Fiber,Polymer Honeycomb,https://youtu.be/wWHDyvNTciI,https://bit.ly/3Z64gRR,INF-PBSTUDIO to receive a digital gift card,,114,,
Selkirk Labs,Project 005 Invikta,222,120,6.13,,0,16,5.25,4.25,1449,Elongated,Fiberglass,Polymer Honeycomb,https://www.youtube.com/watch?v=11SbBnnC3sw&t=3s&ab_channel=PickleballStudio,https://bit.ly/3NsezdA,INF-PBSTUDIO to receive a digital gift card,,195,,
Selkirk Labs,Project 005 Epic,222,107,6.67,236,7.77,16,5.25,4.25,1621,Standard,Fiberglass,Polymer Honeycomb,https://www.youtube.com/watch?v=11SbBnnC3sw&t=3s&ab_channel=PickleballStudio,https://bit.ly/3NsezdA,INF-PBSTUDIO to receive a digital gift card,,196,220.4,
Selkirk Labs,Project 006 Tour,333,117,5.89,233,8.38,16,5.75,4.25,2141,Elongated,Raw carbon fiber,Polymer Honeycomb,https://youtu.be/1F7dGMnq6-U,https://bit.ly/3NkYKFe,INF-PBSTUDIO to receive a digital gift card,,194,237.7,
Selkirk Labs,Project 007 Invikta 14mm,333,122,6.08,243,8.45,14,5.5,4.25,1764,Elongated,"(Paint Grit),Carbon Fiber",Polymer Honeycomb,https://www.youtube.com/watch?v=e95iK4Zk5Eo&t=667s&ab_channel=PickleballStudio,https://bit.ly/3UszEsu,INF-PBSTUDIO to receive a digital gift card,,464,239.5,
Selkirk Labs,Project 007 Invikta 10mm,333,107,5.21,238,7.67,10,5.5,4.25,1863,Elongated,"(Paint Grit),Carbon Fiber",Polymer Honeycomb,https://www.youtube.com/watch?v=e95iK4Zk5Eo&t=667s&ab_channel=PickleballStudio,https://bit.ly/3UszEsu,INF-PBSTUDIO to receive a digital gift card,,465,217.39,
Selkirk Labs,Project 007 Epic 14mm,333,111,6.32,238,8.14,14,5.25,4.25,,Standard,"(Paint Grit),Carbon Fiber",Polymer Honeycomb,,https://bit.ly/3UszEsu,INF-PBSTUDIO to receive a digital gift card,,466,230.66,
Selkirk Labs,Project 008 Tour 16mm,288,116,5.5,240,8.1,16,6,4.25,,Elongated,Raw carbon fiber,foam,,,INF-PBSTUDIO to receive a digital gift card,,526,229.58,
Selkirk Labs,Project 008 Tour 13mm,288,114,5.33,239,7.88,13,6,4.25,,Elongated,Raw carbon fiber,foam,,,INF-PBSTUDIO to receive a digital gift card,,527,223.3,
Selkirk Labs,Project 008 Invikta 13mm,288,107,5.86,239,7.89,13,5.5,4.25,,Elongated,Raw carbon fiber,foam,,,INF-PBSTUDIO to receive a digital gift card,,528,223.63,
Selkirk Labs,Project 008 Invikta 10mm,288,109,5.18,233,7.98,10,5.5,4.25,,Elongated,Raw carbon fiber,foam,,,INF-PBSTUDIO to receive a digital gift card,,530,226.21,
Selkirk Labs,Project 008 Epic 13mm,288,103,5.33,232,7.82,13,5.3,4.25,,Wide body,Raw carbon fiber,foam,,,INF-PBSTUDIO to receive a digital gift card,,529,221.64,
SixZero,Sapphire,86,108,5.5,223,8.08,13,5.6,4.25,1664,Elongated,Carbon Fiber,Polymer Honeycomb,,http://bit.ly/3K4LTp0,PBSTUDIO 10% OFF,,155,229,
SixZero,Quartz,99.99,108,6.67,235,8,16,5,4.25,1966,Standard,Raw carbon fiber,Polymer Honeycomb,https://www.youtube.com/watch?v=nsmQhQ5xqaY&t=1s&ab_channel=PickleballStudio,https://bit.ly/4d6d8gk,PBSTUDIO 10% OFF,,412,226.79,
SixZero,Triple Black Diamond,220,125,6.11,244,8.27,16,6,4.25,1744,Elongated,Raw carbon fiber,Polymer Honeycomb,https://www.youtube.com/watch?v=yQ443R5jJXk&t=96s&ab_channel=PickleballStudio,,PBSTUDIO 10% OFF,,390,234.45,
SixZero,Double Black Diamond 14mm,180,110,6.28,234,8,14,5.5,4.25,1927,Hybrid,Raw carbon fiber,Polymer Honeycomb,,http://bit.ly/3FZM4kq,PBSTUDIO 10% OFF,,153,226.9,
SixZero,Double Black Diamond 16mm,180,114,6.59,236,8.32,16,5.5,4.25,2018,Hybrid,Raw carbon fiber,Polymer Honeycomb,https://www.youtube.com/watch?v=PxQmrLKbuF0&ab_channel=PickleballStudio,http://bit.ly/3FZM4kq,PBSTUDIO 10% OFF,,132,235.8,
SixZero,Double Black Diamond Infinity,220,110,5.9,231,8.09,16,5.5,4.25,1999,Hybrid,Raw carbon fiber,Polymer Honeycomb,https://www.youtube.com/watch?v=HGQGZeyl40k&ab_channel=PickleballStudio,https://bit.ly/3T65Xhe,PBSTUDIO 10% OFF,,291,229.4,
SixZero,Black Diamond 16mm,180,116,6.65,235,7.96,16,5.5,4.25,1927,Hybrid,Fiberglass,Polymer Honeycomb,,http://bit.ly/3Ki9unE,PBSTUDIO 10% OFF,,131,225.8,PBSTUDIO
,Black Diamond 14mm,180,112,6.44,236,8,14,5.5,4.25,,Hybrid,Fiberglass,Polymer Honeycomb,https://www.youtube.com/watch?v=aCP1siv1eHA&t=1s&ab_channel=PickleballStudio,https://bit.ly/3zbkOif,PBSTUDIO 10% OFF,,407,226.79,
SixZero,Black Diamond Infinity,220,108,5.67,233,8.14,16,5.5,4.25,1988,Hybrid,Raw carbon fiber,Polymer Honeycomb,,https://bit.ly/3zqdCPB,PBSTUDIO 10% OFF,,337,230.9,
SixZero,Ruby 16mm,199,117,6.68,234,8.34,16,5.5,4.25,2091,Hybrid,Kevlar,Polymer Honeycomb,https://www.youtube.com/watch?v=xPTOuFExj3U&t=755s,https://bit.ly/3GGo1XA,PBSTUDIO 10% OFF,,304,236.5,
SixZero,Ruby 14mm,199,116,6.59,238,8.25,14,5.5,4.25,,Hybrid,Kevlar,Polymer Honeycomb,https://www.youtube.com/watch?v=aCP1siv1eHA&t=1s&ab_channel=PickleballStudio,https://bit.ly/3GGo1XA,PBSTUDIO 10% OFF,,406,233.88,
Technifibre,TF Command 15mm,209,109,6.78,233,8.16,15,5,4.25,,Wide body,Raw carbon fiber,Polymer Honeycomb,,,,,495,231.2,
Technifibre,TF Select 15mm,219,115,6.59,238,8.23,15,5.5,4.25,,Hybrid,Kevlar,Polymer Honeycomb,,,,,496,233.4,
Technifibre,TF Blitz,199,121,5.7,242,8.18,15,6,4.25,,Extra Elongated,Raw carbon fiber,Polymer Honeycomb,,,,,497,231.94,
Thrive,AZUL,199,116,6.62,237,0,16,5.5,4.125,1946,Hybrid,"Carbon Fiber,Kevlar",Polymer Honeycomb,,https://bit.ly/3PZ8JSW,PBSTUDIO 10% OFF,,354,,PBSTUDIO
Thrive,Surge,199,117,6.77,239,8.09,16,5.5,4.125,,Hybrid,Raw carbon fiber,Polymer Honeycomb,,https://bit.ly/3MMxkbM,PBSTUDIO 10% OFF,,429,229.3,
Thrive,Smoke,220,117,6.07,243,7.92,14.5,5.5,4.25,,Elongated,Raw carbon fiber,Polymer Honeycomb,,,,,534,224.5,
Thompson,515 Uni,249.99,108,6.53,230,8.17,14,5.25,4.125,,Elongated,Raw carbon fiber,Polymer Honeycomb,,https://bit.ly/3MRzkzb,,,430,231.6,
Thompson,515 Twill,249.99,116,6.78,226,8.6,14,5.25,4.125,,Elongated,Raw carbon fiber,Polymer Honeycomb,,https://bit.ly/3MIjEyi,,,431,243.8,
Vulcan,V720HT MAX,249.99,110,6.72,227,8.33,13,4.75,4.125,1544,Standard,"Carbon Fiber,Fiberglass",Polymer Honeycomb,,https://bit.ly/3QMkwF4,,,286,236.1,
Vulcan,V740HT MAX,249.99,122,5.96,240,8.15,13,5.5,4.125,1600,Elongated,"Carbon Fiber,Fiberglass",Polymer Honeycomb,,https://bit.ly/3MzPTQu,,,285,231,
Vatic Pro,Alchemy 13.5mm,179.99,113,6.04,232,8.32,13.5,5.5,4.25,1704,Elongated,Raw carbon fiber,Polymer Honeycomb,https://youtu.be/eNOin3-KKlI?si=ZI1soj6GdCc89JAG,https://bit.ly/3rxCJfo,PBSTUDIO $10 OFF,,206,235.9,
Vatic Pro,Alchemy 16mm,179.99,121,6.38,237,8.18,16,5.5,4.25,1700,Elongated,Raw carbon fiber,Polymer Honeycomb,https://youtu.be/eNOin3-KKlI?si=ZI1soj6GdCc89JAG,https://bit.ly/3rxCJfo,PBSTUDIO $10 OFF,,207,232,
Vatic Pro,V7 Carbon Fiber 16mm,139.99,119,6.78,236,8.22,16,5.3,4.25,2004,Elongated,Raw carbon fiber,Polymer Honeycomb,https://www.youtube.com/watch?v=LtshfwtKrxk&ab_channel=PickleballStudio,https://bit.ly/3Z5YSOA,PBSTUDIO $10 OFF,,126,233,
Vatic Pro,Flash Carbon Fiber 14mm,139.99,111,6.18,237,7.87,14,5.4,4.25,2049,Hybrid,Raw carbon fiber,Polymer Honeycomb,https://www.youtube.com/watch?v=LtshfwtKrxk&ab_channel=PickleballStudio,https://bit.ly/3Metdo2,PBSTUDIO $10 OFF,,128,223.2,PBSTUDIO
Vatic Pro,Flash Carbon Fiber 16mm,139.99,115,6.57,231,8.17,16,5.4,4.25,1862,Hybrid,Raw carbon fiber,Polymer Honeycomb,https://www.youtube.com/watch?v=LtshfwtKrxk&ab_channel=PickleballStudio,https://bit.ly/3Metdo2,PBSTUDIO $10 OFF,,150,231.7,
Vatic Pro,Prism v7,99.99,128,6.74,,0,16,5.4,4.25,1941,Elongated,Raw carbon fiber,Polymer Honeycomb,https://www.youtube.com/watch?v=v5j8IV3cj4E&t=372s&ab_channel=PickleballStudio,https://bit.ly/43kXwzX,PBSTUDIO $10 OFF,,198,,
Vatic Pro,Prism v7 LH,99.99,123,6.27,242,8.18,16,5.6,4.25,,Elongated,Raw carbon fiber,Polymer Honeycomb,,https://bit.ly/43kXwzX,PBSTUDIO $10 OFF,,319,231.9,
Vatic Pro,Prism Flash 16mm,99.99,114,6.41,,0,16,5.4,4.25,1920,Hybrid,Raw carbon fiber,Polymer Honeycomb,https://www.youtube.com/watch?v=v5j8IV3cj4E&t=372s&ab_channel=PickleballStudio,https://bit.ly/3JUcjdZ,PBSTUDIO $10 OFF,,199,,
Vatic Pro,Prism Flash 14mm,99.99,110,6.31,,0,14,5.4,4.25,1916,Hybrid,Raw carbon fiber,Polymer Honeycomb,,https://bit.ly/3JUcjdZ,PBSTUDIO $10 OFF,,251,,
Vatic Pro,Prism Flash 16mm LH,99.99,122,6.21,240,8.17,16,5.4,4.25,,Hybrid,Raw carbon fiber,Polymer Honeycomb,,,PBSTUDIO $10 OFF,,443,231.6,
Vatic Pro,Prism Bloom 16mm,99.99,110,6.97,239,7.96,16,,,,Wide body,Raw carbon fiber,Polymer Honeycomb,,,PBSTUDIO $10 OFF,,489,225.57,
Vatic Pro,Prism Bloom 14mm,99.99,107,6.54,239,7.74,14,,,,Wide body,Raw carbon fiber,Polymer Honeycomb,,,PBSTUDIO $10 OFF,,488,219.44,
Vatic Pro,Saga Flash SH,149.99,113,6.48,238,8.03,16,5.3,4.125,2022,Hybrid,Raw carbon fiber,Polymer Honeycomb,https://www.youtube.com/watch?v=eOanmIXJZkM&t=393s&ab_channel=PickleballStudio,https://bit.ly/3Cx9Jde,PBSTUDIO $10 OFF,,454,227.7,
Vatic Pro,Saga Flash LH,149.99,120,6.1,245,8.12,16,5.5,4.125,2001,Hybrid,Raw carbon fiber,Polymer Honeycomb,https://www.youtube.com/watch?v=eOanmIXJZkM&t=393s&ab_channel=PickleballStudio,https://bit.ly/3Cx9Jde,PBSTUDIO $10 OFF,,459,230.26,
Vatic Pro,Saga v7 SH,149.99,119,6.58,241,8.09,16,5.3,4.125,1991,Elongated,Raw carbon fiber,Polymer Honeycomb,https://www.youtube.com/watch?v=eOanmIXJZkM&t=393s&ab_channel=PickleballStudio,https://bit.ly/3YTMb9G,PBSTUDIO $10 OFF,,460,229.3,
Vatic Pro,Saga v7 LH,149.99,124,6.39,235,8.32,16,5.5,4.125,1962,Elongated,Raw carbon fiber,Polymer Honeycomb,https://www.youtube.com/watch?v=eOanmIXJZkM&t=393s&ab_channel=PickleballStudio,https://bit.ly/3YTMb9G,PBSTUDIO $10 OFF,,461,235.84,
Vatic Pro,Saga Bloom 16mm,149.99,111,6.96,238,8.03,16,,,,Wide body,Raw carbon fiber,Polymer Honeycomb,,,PBSTUDIO $10 OFF,,487,227.78,
Versix,Vector XL,129.99,119,6.58,242,8.29,15,5.75,4.25,,Elongated,Raw carbon fiber,Polymer Honeycomb,,,PBSTUDIO 15% OFF,,428,235,PBSTUDIO
Volair,Mach 1 16mm,159.99,114,6,237,8.05,16,5.5,4.3,1941,Elongated,Raw carbon fiber,Polymer Honeycomb,https://www.youtube.com/watch?v=pujwtlQedWU&t=3s&ab_channel=PickleballStudio,http://bit.ly/3QCnMRu,PBSTUDIO for 10% OFF,,140,228.2,PBSTUDIO
Volair,Mach 1 14mm,159.99,114,5.87,239,8.01,14,5.5,4.3,1997,Elongated,Raw carbon fiber,Polymer Honeycomb,,https://bit.ly/3Leff66,PBSTUDIO for 10% OFF,,249,227.1,
Volair,Mach 1 Forza 16mm,179.99,117,6.56,223,7.87,16,5.5,4.25,2018,Elongated,Raw carbon fiber,Polymer Honeycomb,,https://bit.ly/45KhuX0,PBSTUDIO 10% OFF,,208,223.1,
Volair,Mach 1 Forza 14mm,179.99,111,5.99,,0,14,5.5,4.125,2083,Elongated,Raw carbon fiber,Polymer Honeycomb,,https://bit.ly/44JSaz0,PBSTUDIO 10% OFF,,248,,
Volair,Mach 2 Forza 16mm,179.99,110,7.22,235,8.02,16,5.5,4.25,2139,Wide body,Raw carbon fiber,Polymer Honeycomb,,https://bit.ly/3GvHH0w,PBSTUDIO 10% OFF,,292,227.3,
Volair,Mach 2 Forza 14mm,179.99,106,6.82,235,7.66,14,5.5,4.125,2142,Wide body,Raw carbon fiber,Polymer Honeycomb,,https://bit.ly/3GvHH0w,PBSTUDIO 10% OFF,,293,217.2,
Volair,CTRL1 Forza 16mm,199.99,114,6.07,240,7.96,16,5.5,4.125,1887,Elongated,Kevlar,Polymer Honeycomb,,,PBSTUDIO 10% OFF,,446,225.56,
Volair,CTRL2 Forza 16mm,199.99,108,7.18,235,8.08,16,5.5,4.125,1840,Wide body,Kevlar,Polymer Honeycomb,,,PBSTUDIO 10% OFF,,447,229.2,