Company,Paddle,Price,Discount Code,Shape,Core Thickness (mm),Surface Material,Handle Length (in),Spin RPM,Swing Weight,Twist Weight,Core Material,Link (N/A),Condition,Discount,Discounted Price,Manufacturing Process,Surface Texture,Spin Percentile,Length (in),Width (in),Static Weight (oz),Swing Weight Percentile,Twist Weight Percentile,Balance Point (cm),Balance Point Percentile,Serve Speed-MPH (Power),Power Percentile,Punch Volley Speed-MPH (Pop),Pop Percentile,Firepower (0-100),Hand Speed Index-Wrist Dominant (Watts),HSI-Wrist Percentile,Hand Speed Index-Elbow Dominant (Watts),HSI-Elbow Percentile,Hand Speed Index-Shoulder Dominant (Watts),HSI-Shoulder Percentile,Hand Speed Score - Cumulative (0-100)
11Six24,Hurache Control,$79.99,JOHNKEW,Elongated,16,Toray Carbon Fiber,5.5,"2,107",106,5.55,Polypropylene Honeycomb,,New,10%,$71.99,Cold Layered,Peel Ply-Coarse,59%,16.5,7.5,7.4,10%,11%,23.7,33%,52.5,8%,33.9,18%,13,150,11%,146,4%,152,3%,8
11Six24,Hurache-X Control,$139.99,JOHNKEW,Elongated,16,Toray Carbon Fiber and Kevlar,6,"1,847",119,6.4,Polypropylene Honeycomb,,New,10%,$125.99,Thermoformed,Peel Ply-Coarse,23%,16.5,7.5,8.2,70%,53%,24.1,61%,55.3,59%,35,50%,54,169,73%,164,74%,169,72%,73
11Six24,Hurache-X Control+,$139.99,JOHNKEW,Elongated,14,Toray Carbon Fiber,6,"2,203",115.4,6.15,Polypropylene Honeycomb,,New,10%,$125.99,Thermoformed,Peel Ply-Coarse,77%,16.5,7.5,8.2,50%,37%,23.9,48%,55.6,66%,36.1,86%,76,165,52%,162,61%,168,66%,56
11Six24,Hurache-X Control+,$149.90,JOHNKEW,Elongated,16,Toray Carbon Fiber and Fiberglass,6,"1,956",117.4,6.3,Polypropylene Honeycomb,,New,10%,$134.91,Thermoformed,Peel Ply-Coarse,35%,16.5,7.5,8,64%,46%,24.2,67%,55.5,64%,35.4,69%,66,167,66%,162,59%,166,54%,63
11Six24,Monarch All Court,$139.99,JOHNKEW,Wide Body,16,Toray Carbon Fiber,5.75,"2,131",111.2,7.36,Polypropylene Honeycomb,,New,10%,$125.99,Thermoformed,Peel Ply-Coarse,66%,15.8,8.2,8.2,30%,98%,23.6,29%,56.2,86%,34.8,42%,64,159,34%,160,45%,167,59%,40
11Six24,Monarch Control,$149.99,JOHNKEW,Wide Body,16,Kevlar 3K Cloth,5.75,"2,051",110.2,7.37,Polypropylene Honeycomb,,New,10%,$134.99,Thermoformed,Peel Ply-Coarse,50%,15.8,8.2,8.2,28%,98%,23.4,21%,55.3,59%,35.1,54%,57,157,28%,158,39%,166,51%,34
11Six24,Monarch Jelly Bean,$99.99,JOHNKEW,Wide Body,16,Toray Carbon Fiber,5.75,"2,209",107.2,7.09,Polypropylene Honeycomb,,New,10%,$89.99,Cold Layered with Edge Foam,Peel Ply-Coarse,79%,15.8,8.2,7.9,17%,88%,23.7,33%,53.7,24%,33.6,13%,18,154,19%,154,20%,161,21%,20
Ace,Heart,,JOHNKEW,Elongated,14,T700 Carbon Fiber,7.5,"2,260",115.7,5.8,Polypropylene Honeycomb,,New,10%,$0.00,Thermoformed,Peel Ply-Coarse,85%,16.5,16.5,7.8,52%,24%,24.3,74%,55.6,66%,34.6,36%,51,165,53%,158,40%,162,31%,47
Bird,Ball Hawk Classic,$199.00,,Standard,14,T700 Carbon Fiber,4.75,"2,099",106,7.05,Polypropylene Honeycomb,,New,,$199.00,Cold Layered,Peel Ply-Coarse,57%,16,8,7.9,10%,87%,23.5,24%,51.3,2%,32.4,4%,3,152,16%,153,16%,161,18%,16
Bird,Falcon Elite Ergo,$229.00,,Ergo,14,T700 Carbon Fiber,N/A,"1,806",,,Polypropylene Honeycomb,,New,,$229.00,Cold Layered,Peel Ply-Coarse,19%,14.5,8,8.7,,,18.9,0%,52.8,13%,31,1%,7,,,,,,,
Bread & Butter,Drip Contender,$95.00,JOHNKEW,Elongated,16,T700 Carbon Fiber,5,"1,017",,,Polypropylene Honeycomb,,New,15%,$80.75,Cold Layered,Grit,0%,16.4,7.5,8.3,,,,,,,,,,,,,,,,
Bread & Butter,Drip Verge,$95.00,JOHNKEW,Elongated,16,T700 Carbon Fiber,5,"1,046",,,Polypropylene Honeycomb,,New,15%,$80.75,Cold Layered,Grit,0%,16.4,7.5,8.3,,,,,,,,,,,,,,,,
Bread & Butter,Fat Boy,$189.99,JOHNKEW,Wide Body,16,3K Kevlar-Carbon Fiber Weave,5.3,"2,069",107.8,7.11,Polypropylene Honeycomb,,New,15%,$161.49,Thermoformed,Peel Ply-Coarse,52%,15.9,8.1,8,18%,90%,23.5,24%,54.4,34%,36.3,87%,61,154,20%,155,24%,162,27%,22
Bread & Butter,Filth,$165.00,JOHNKEW,Elongated,16,T700 Carbon Fiber,5.5,"1,865",121,6.2,Polypropylene Honeycomb,,New,15%,$140.25,Thermoformed,Peel Ply-Coarse,27%,16.5,7.4,7.9,78%,42%,24.2,67%,55.2,57%,35.6,74%,66,170,76%,161,55%,165,41%,66
Bread & Butter,Loco,$165.00,JOHNKEW,Hybrid,16,T700 Carbon Fiber,5.3,"2,091",113.7,6.1,Polypropylene Honeycomb,,New,15%,$140.25,Thermoformed,Peel Ply-Coarse,56%,16.3,7.7,7.7,40%,34%,24.1,61%,54.6,39%,35.2,59%,49,161,39%,155,23%,159,13%,31
Bread & Butter,Shogun,$189.99,JOHNKEW,Elongated,16,T700 Carbon Fiber & Titanium,5.5,"2,004",121.6,6.13,Polypropylene Honeycomb,,New,15%,$161.49,Thermoformed,Peel Ply-Coarse,43%,16.5,7.4,8.2,83%,36%,24.5,81%,55,51%,36,84%,67,174,85%,168,87%,172,87%,86
Bread & Butter,Spear Breakout,$80.00,JOHNKEW,Standard,13,T700 Carbon Fiber,5,"1,156",,,Polypropylene Honeycomb,,New,15%,$68.00,Cold Layered,Grit,3%,15.9,7.9,7.6,,,,,,,,,,,,,,,,
Bread & Butter,Spear Juno,$80.00,JOHNKEW,Standard,16,T700 Carbon Fiber,5,"1,081",,,Polypropylene Honeycomb,,New,15%,$68.00,Cold Layered,Grit,1%,15.9,7.9,7.6,,,,,,,,,,,,,,,,
Cheetah,Predion E16 Edgeless,$200.00,JOHNKEW,Elongated,16,3K Woven Carbon Fiber,5.5,"1,556",106,5.37,Aramid Fiber Honeycomb,,New,10%,$180.00,Thermoformed,Grit,9%,16.5,7.5,7.7,10%,8%,23.3,17%,52.8,13%,34.3,29%,21,149,10%,148,7%,155,5%,8
Cheetah,Predion E16-with lead tape,$200.00,JOHNKEW,Elongated,16,3K Woven Carbon Fiber,5.5,"1,556",115,7.23,Aramid Fiber Honeycomb,,New,10%,$180.00,Thermoformed,Grit,9%,16.5,7.5,8.4,46%,93%,23.5,24%,54.1,28%,34.3,29%,28,163,47%,164,72%,171,82%,58
Chorus,Shapeshifter,$189.99,JOHNKEW,Hybrid,16,18K Toray Carbon Fiber,5.3,"2,139",116.7,6.61,Polypropylene Honeycomb,,New,10%,$170.99,Thermoformed,Peel Ply-Coarse,66%,16.3,7.8,8.1,59%,67%,24.1,61%,55.7,73%,35.3,64%,69,166,64%,162,64%,167,62%,64
Chorus,Shapeshifter with 5 grams tungsten tape,$189.99,JOHNKEW,Hybrid,16,18K Toray Carbon Fiber,5.3,"2,139",117.8,7,Polypropylene Honeycomb,,New,10%,$170.99,Thermoformed,Peel Ply-Coarse,66%,16.3,7.8,8.4,66%,86%,23.7,33%,55.9,79%,35.2,59%,69,167,68%,166,79%,172,88%,73
Chorus,Shapeshifter with 5 grams tungsten tape & 28-gram Slyce cap,$189.99,JOHNKEW,Hybrid,16,18K Toray Carbon Fiber,5.3,"2,139",121.3,7.11,Polypropylene Honeycomb,,New,10%,$170.99,Thermoformed,Peel Ply-Coarse,66%,16.3,7.8,9.3,82%,90%,21.8,2%,56,81%,35.7,76%,79,166,59%,170,90%,182,98%,72
Core,Reaction Pro Elongated,$124.99,,Elongated,16,T700 Carbon Fiber,5.8,"1,863",125.4,6.03,Polypropylene Honeycomb,,New,,$124.99,Cold Layered,Peel Ply-Fine,26%,16.5,7.4,8.2,94%,32%,24.8,93%,54.4,34%,33.9,18%,26,179,93%,170,91%,172,88%,92
Core,Reaction Pro Standard,$124.99,,Standard,16,T700 Carbon Fiber,5.13,"1,892",111.7,7.25,Polypropylene Honeycomb,,New,,$124.99,Cold Layered,Peel Ply-Fine,30%,15.8,8,8.2,34%,94%,23.8,42%,53.5,22%,34,20%,21,161,38%,161,56%,168,66%,46
CRBN,CRBN 1X,$229.99,JOHNKEW,Elongated,14,Toray Carbon Fiber,5.5,"2,244",116,5.78,Polypropylene Honeycomb,,New,10%,$206.99,Thermoformed,Peel Ply-Coarse,83%,16.5,7.3,8,53%,23%,24.2,67%,54.7,42%,34.4,31%,36,166,60%,161,58%,166,54%,59
CRBN,CRBN 2X,$229.99,JOHNKEW,Standard,16,Toray Carbon Fiber,4.75,"1,975",110,7.5,Polypropylene Honeycomb,,New,10%,$206.99,Thermoformed,Peel Ply-Coarse,38%,15.8,8,8,25%,99%,23.5,24%,53.5,22%,34.4,31%,26,156,25%,156,28%,163,33%,27
CRBN 1,CRBN1 Control,$179.99,JOHNKEW,Elongated,14,T700 Carbon Fiber,5.5,"2,171",,,Polypropylene Honeycomb,,New,10%,$161.99,Cold Layered,Peel Ply-Coarse,71%,16.5,7.3,7.9,,,,,,,,,,,,,,,,
CRBN 1,CRBN1 Control (USAP-Banned 2021),$179.99,JOHNKEW,Elongated,14,T700 Carbon Fiber,5.5,"1,943",,,Polypropylene Honeycomb,,New,10%,$161.99,Cold Layered,Peel Ply-Coarse,35%,16.5,7.3,7.9,,,,,,,,,,,,,,,,
Diadem,Edge 18K,$229.95,JOHNKEW,Elongated,16,18k Carbon Fiber,5.3,"2,304",122,6.25,Polypropylene Honeycomb,,New,10%,$206.96,Cold Layered,Peel Ply-Coarse,92%,16.4,7.5,7.9,84%,45%,24.1,61%,53,17%,34.1,22%,19,170,77%,161,52%,164,40%,65
Diadem,Hush,$189.95,JOHNKEW,Elongated,18,Thermoplastic Polyurethane,5.6,"2,776",122.7,5.13,Carbon fiber frame with BASF materials,,New,10%,$170.96,Thermoformed,Textured polyurethane,100%,16.5,7.2,8.3,90%,3%,24.5,81%,62,100%,38.3,99%,99,176,89%,170,90%,174,91%,90
Diadem,Icon V2 XL,$199.95,JOHNKEW,Standard,13.7,Carbon Fiber (Japanese-Sourced),5.25,"1,718",125,5.69,Polypropylene Honeycomb (2 sheets),,New,10%,$179.96,Hot Molded,Grit,13%,16,7.6,8.2,92%,15%,24.5,81%,54.2,30%,35,50%,40,178,91%,169,88%,172,87%,90
Diadem,Vice,$224.95,JOHNKEW,Elongated,16,Carbon Fiber,5.3,"1,789",114,5.73,EVA Foam,,New,10%,$202.46,Unibody Edgeless,Grit,18%,16.4,7.4,7.9,41%,19%,,,59,98%,33.8,16%,57,,,,,,,
Diadem,Warrior,$229.95,JOHNKEW,Elongated,19,Carbon Fiber,5.3,"1,744",133,7.25,Polypropylene + Aramid,,New,10%,$206.96,Cold Layered,Grit,16%,16.4,7.4,8.6,100%,94%,24.7,91%,52.6,9%,31,1%,5,189,100%,179,99%,182,98%,100
Dymon,Mayhem,$199.99,JOHNKEW,Elongated,16,Toray Carbon Fiber,4.25,"2,366",110.6,6.31,Kevlar honeycomb,,New,20%,$159.99,Thermoformed,Peel Ply-Coarse,97%,16.5,7.5,7.8,29%,47%,23.8,42%,56.1,84%,35.7,76%,80,157,28%,155,26%,161,21%,27
Electrum,Model E,$119.99,JOHNKEW,Elongated,16,Toray Carbon Fiber,5.25,"1,575",122,6.8,Polypropylene Honeycomb,,Used-6 months,10%,$107.99,Cold Layered,Peel Ply-Coarse,10%,16.5,7.4,8.2,84%,77%,,,,,,,,,,,,,,
Electrum,Model E Elite,$199.99,JOHNKEW,Elongated,16,Toray Carbon Fiber,5.25,"2,028",124,7.14,Polypropylene Honeycomb,,New,10%,$179.99,Thermoformed,Peel Ply-Coarse,46%,16.5,7.4,8.4,91%,91%,24.7,91%,55.7,73%,35.7,76%,75,179,92%,172,95%,176,94%,93
Electrum,Model E Stealth,$220.00,JOHNKEW,Elongated,16,Toray Carbon Fiber,5.38,"1,810",107,5,Polypropylene Honeycomb,,New,10%,$198.00,Thermoformed,Peel Ply-Coarse,19%,16.5,7.3,7.7,15%,1%,23.3,17%,55.6,66%,35.6,74%,70,150,13%,150,8%,156,8%,11
Electrum,Model E Stealth-with 0.5 oz. lead tape,$220.00,JOHNKEW,Elongated,16,Toray Carbon Fiber,5.38,"1,810",109,6.1,Polypropylene Honeycomb,,New,10%,$198.00,Thermoformed,Peel Ply-Coarse,19%,16.5,7.3,8.2,22%,34%,23.2,14%,55,51%,35,50%,50,155,22%,157,35%,165,45%,28
Electrum,Pro II,$149.99,JOHNKEW,Standard,11,Toray Carbon Fiber,5.25,"2,089",106,6.75,Polypropylene Honeycomb,,Used-1 month,10%,$134.99,Hot Molded,Peel Ply-Coarse,56%,16,8,7.6,10%,75%,23.7,33%,51,1%,34.3,29%,15,151,14%,150,9%,156,6%,11
Electrum,Pro II Stealth,$220.00,JOHNKEW,Standard,12,Toray Carbon Fiber,5.25,"2,204",93,4.83,Polypropylene Honeycomb,,New,10%,$198.00,Thermoformed,Peel Ply-Coarse,77%,16,7.8,7,0%,1%,23.1,12%,53.1,17%,36.4,90%,53,132,1%,134,0%,141,0%,1
Electrum,Pro II Stealth-with 0.5 oz. lead tape,$220.00,JOHNKEW,Standard,12,Toray Carbon Fiber,5.25,"2,204",97,6.35,Polypropylene Honeycomb,,New,10%,$198.00,Thermoformed,Peel Ply-Coarse,77%,16,7.8,7.5,2%,49%,22.8,9%,55,51%,36,84%,67,137,2%,141,2%,150,2%,2
Electrum,Pro Stealth,$220.00,JOHNKEW,Wide Body,12,Toray Carbon Fiber,5,"1,927",92,5.63,Polypropylene Honeycomb,,New,10%,$198.00,Unibody Edgeless,Peel Ply-Coarse,34%,15.6,8.3,7.3,0%,13%,22.5,3%,52.6,9%,36.1,86%,47,130,0%,136,1%,145,2%,0
Electrum,Pro Stealth-with 0.5 oz. lead tape,$220.00,JOHNKEW,Wide Body,12,Toray Carbon Fiber,5,"1,927",93,6.9,Polypropylene Honeycomb,,New,10%,$198.00,Unibody Edgeless,Peel Ply-Coarse,34%,15.6,8.3,7.3,0%,82%,22.3,3%,55,51%,35.7,76%,64,130,1%,135,1%,144,1%,1
Engage,Evolution Extreme V2.14,$159.99,JOHNKEW (at Pickleball Central),Elongated,14,Toray Carbon Fiber,5.25,"1,915",117.7,6.38,Polypropylene Honeycomb,,New,10%,$143.99,Cold Layered with Edge Foam,Peel Ply-Coarse,32%,16.5,7.5,8,65%,51%,24.4,77%,53.2,18%,34.7,40%,29,168,69%,162,60%,166,53%,65
Engage,Evolution Extreme V2.16,$159.99,JOHNKEW (at Pickleball Central),Elongated,16,Toray Carbon Fiber,5.25,"2,082",121.8,6.66,Polypropylene Honeycomb,,New,10%,$143.99,Cold Layered with Edge Foam,Peel Ply-Coarse,55%,16.4,7.5,8.2,83%,71%,24.5,81%,54.6,39%,34.4,31%,35,174,84%,167,84%,171,82%,84
Engage,Pursuit EX 6.0 Maxx,$259.99,JOHNKEW (at Pickleball Central),Elongated,16,Toray Carbon Fiber,5,"1,666",115.6,7.43,Polypropylene Honeycomb,,New,10%,$233.99,Cold Layered with Edge Foam,Frosted RCF,12%,16,8,8,51%,99%,24.5,81%,54.2,30%,35.3,64%,47,167,66%,163,68%,167,61%,66
Engage,Pursuit EX 6.0 Pro,$259.99,JOHNKEW (at Pickleball Central),Elongated,16,Toray Carbon Fiber,5,"2,260",114.7,7.32,Polypropylene Honeycomb,,New,10%,$233.99,Cold Layered with Edge Foam,Peel Ply-Coarse,85%,16,8,8.1,45%,96%,23.5,24%,55,51%,36.3,87%,69,162,41%,160,44%,166,53%,43
Engage,Pursuit EX Pro,$259.99,JOHNKEW (at Pickleball Central),Elongated,13,Toray Carbon Fiber,5,"2,366",116.2,7.29,Polypropylene Honeycomb,,New,10%,$233.99,Cold Layered with Edge Foam,Peel Ply-Coarse,97%,16,8,8.2,54%,95%,23.7,33%,54.9,48%,36.6,93%,71,165,54%,162,65%,169,69%,59
Engage,Pursuit MX 6.0 Maxx,$199.99,JOHNKEW (at Pickleball Central),Elongated,16,Toray Carbon Fiber,5.75,"1,716",116.2,5.8,Polypropylene Honeycomb,,New,10%,$179.99,Cold Layered with Edge Foam,Frosted RCF,13%,16.5,7.5,7.8,54%,24%,24.2,67%,56.1,84%,35.2,59%,71,165,53%,158,39%,162,30%,47
Engage,Pursuit MX 6.0 Pro,$259.99,JOHNKEW (at Pickleball Central),Elongated,16,Toray Carbon Fiber,5.75,"2,258",129.1,6.65,Polypropylene Honeycomb,,New,10%,$233.99,Cold Layered with Edge Foam,Peel Ply-Coarse,85%,16.5,7.5,8.1,98%,69%,25.3,98%,56.3,87%,35.4,69%,78,185,99%,172,94%,173,89%,97
Engage,Pursuit MX Pro,$259.99,JOHNKEW (at Pickleball Central),Elongated,13,Toray Carbon Fiber,5.75,"2,264",119.3,5.85,Polypropylene Honeycomb,,New,10%,$233.99,Cold Layered with Edge Foam,Peel Ply-Coarse,87%,16.5,7.5,8,73%,26%,24.1,61%,56.2,86%,36.3,87%,87,168,70%,161,53%,165,44%,62
Engage,Pursuit Pro 1 6.0-Light,$259.99,JOHNKEW (at Pickleball Central),Elongated,16,Toray Carbon Fiber,5.88,"2,207",115.2,5.75,Polypropylene Honeycomb,,New,10%,$233.99,Cold Layered with Edge Foam,Peel Ply-Coarse,79%,16.5,7.5,7.7,49%,20%,23.7,33%,56.4,88%,35.4,69%,78,161,37%,154,18%,159,12%,28
Engage,Pursuit Pro 1-Light,$259.99,JOHNKEW (at Pickleball Central),Elongated,13,Toray Carbon Fiber,5.88,"2,178",109.5,5.57,Polypropylene Honeycomb,,New,10%,$233.99,Cold Layered with Edge Foam,Peel Ply-Coarse,74%,16.5,7.5,7.7,24%,11%,23.3,17%,56,81%,35.5,72%,77,153,18%,151,11%,157,10%,15
Franklin,Ben Johns Signature,$100.00,JOHNKEW (at Pickleball Central),Elongated,13,Fiberglass,5.5,"1,267",120,,Polypropylene Honeycomb,,Used-2 months,10%,$90.00,Cold Layered,Grit,5%,16.5,7.3,8.1,76%,,,,,,,,,,,,,,,
Franklin,Carbon STK,$149.99,JOHNKEW (at Pickleball Central),Elongated,14.5,Carbon Fiber,4.25,"1,251",118,5.76,Polypropylene Honeycomb,,New,10%,$134.99,Cold Layered,Unknown,5%,16.5,7.5,7.6,66%,22%,24.6,88%,51.7,4%,30.9,0%,2,167,67%,158,36%,160,16%,53
Gamma,Airbender,$199.99,JOHNKEW,Elongated,10,Toray Carbon Fiber,5.5,"1,988",111.2,5.08,Polypropylene Honeycomb,,New,10%,$179.99,Thermoformed,Peel Ply-Coarse,41%,16.5,7.4,8.1,30%,2%,23.5,24%,55.7,73%,35.8,80%,77,158,29%,158,38%,165,42%,33
Gamma,Airbender,$199.99,JOHNKEW,Elongated,13,Toray Carbon Fiber,5.5,"2,107",113.8,5.24,Polypropylene Honeycomb,,New,10%,$179.99,Thermoformed,Peel Ply-Coarse,59%,16.5,7.4,8.1,40%,5%,23.6,29%,55.8,76%,35.2,59%,68,161,40%,159,43%,166,47%,42
Gamma,Airbender,$199.99,JOHNKEW,Elongated,16,Toray Carbon Fiber,5.38,"1,903",115.3,5.57,Polypropylene Honeycomb,,New,10%,$179.99,Thermoformed,Peel Ply-Coarse,31%,16.5,7.4,8.5,50%,11%,23.3,17%,55.4,61%,34.1,22%,41,163,47%,164,73%,172,85%,58
Gamma,Obsidian 10,$159.99,JOHNKEW,Elongated,10,Toray Carbon Fiber,5.75,"1,992",118.3,5.77,Polypropylene Honeycomb,,New,10%,$143.99,Thermoformed,Peel Ply-Coarse,42%,16.4,7.6,8,67%,22%,24.4,77%,54.7,42%,35.5,72%,57,169,72%,163,68%,167,60%,69
Gamma,Obsidian 13,$159.99,JOHNKEW,Elongated,13,Toray Carbon Fiber,5.75,"1,854",112.2,6,Polypropylene Honeycomb,,New,10%,$143.99,Thermoformed,Peel Ply-Coarse,25%,16.4,7.6,7.9,36%,31%,23.8,42%,55.1,55%,35.2,59%,57,159,35%,157,33%,163,31%,34
Gamma,Obsidian 16,$159.99,JOHNKEW,Elongated,16,Toray Carbon Fiber,5.75,"1,877",119.6,6.46,Polypropylene Honeycomb,,New,10%,$143.99,Thermoformed,Peel Ply-Coarse,28%,16.4,7.6,8.1,75%,57%,24.5,81%,55.8,76%,34.4,31%,54,172,79%,166,78%,170,76%,78
Gearbox,CX11E Power,$199.99,https://bit.ly/48vIn2p,Elongated,14,3K Woven Carbon Fiber,5.38,"1,480",98,4.69,Toray T700 Carbon Fiber,,Used-3 months,0%,$199.99,Unibody Edgeless,Grit,8%,16.6,8,7.8,3%,0%,,,47.8,0%,31.5,2%,1,,,,,,,
Gearbox,CX14E,$199.99,https://bit.ly/48vIn2p,Elongated,14,3K Woven Carbon Fiber,5.38,"1,523",101,4.32,Toray T700 Carbon Fiber,,Used-1 month,0%,$199.99,Unibody Edgeless,Grit,8%,16.6,7.4,8,5%,0%,,,,,,,,,,,,,,
Gearbox,CX14H Ultimate Power,$249.99,https://bit.ly/48vIn2p,Standard,14,3K Woven Carbon Fiber,5.38,"1,962",107,5.78,Toray T700 Carbon Fiber,,New,0%,$249.99,Unibody Edgeless,Grit,37%,15.6,8,8.5,15%,23%,22,2%,51.1,1%,33.1,6%,4,148,8%,155,24%,166,52%,17
Gearbox,G2 Elongated,$119.99,https://bit.ly/48vIn2p,Elongated,14,Carbon Fiber; Fiberglass,5.5,"2,030",122.9,5.35,Polypropylene Honeycomb,,New,0%,$119.99,Unibody Edgeless,Grit,46%,16.5,7.4,7.9,90%,7%,25.4,99%,54.4,34%,32.7,5%,20,178,92%,168,87%,170,75%,89
Gearbox,G2 Integra,$139.99,https://bit.ly/48vIn2p,Hybrid,14,Carbon Fiber; Fiberglass,5.5,"2,113",113.3,5.64,Polypropylene Honeycomb,,New,0%,$139.99,Unibody Edgeless,Grit,62%,16,7.4,7.9,38%,14%,24.5,81%,54.2,30%,32.6,5%,17,164,51%,161,57%,166,50%,53
Gearbox,G2 Quad,$99.99,https://bit.ly/48vIn2p,Standard,14,Carbon Fiber; Fiberglass,4.75,"2,139",108,6.23,Polypropylene Honeycomb,,New,0%,$99.99,Unibody Edgeless,Grit,66%,15.9,8,7.9,20%,45%,23.7,33%,53.3,20%,33.4,8%,14,155,22%,155,27%,162,28%,24
Gearbox,Pro Control Elongated,$274.99,https://bit.ly/48vIn2p,Elongated,14,Toray Carbon Fiber,5.5,"2,130",122,5.07,Toray Carbon Fiber,,New,0%,$274.99,Gen-3 Foam Enhanced,Peel Ply-Coarse,65%,16.5,7.4,8.1,84%,2%,25,96%,56,81%,35.1,54%,68,177,89%,169,88%,171,84%,88
Gearbox,Pro Control Fusion,$274.99,https://bit.ly/48vIn2p,Hybrid,14,Toray Carbon Fiber,5.5,"2,091",115,5.14,Toray Carbon Fiber,,New,0%,$274.99,Gen-3 Foam Enhanced,Peel Ply-Coarse,56%,16,7.4,8,46%,3%,24.5,81%,55.8,76%,35.4,69%,73,166,63%,163,66%,167,61%,64
Gearbox,Pro Power Elongated,$274.99,https://bit.ly/48vIn2p,Elongated,14,Toray Carbon Fiber,5.5,"2,062",120,5.22,Toray Carbon Fiber,,New,0%,$274.99,Gen-3 Foam Enhanced,Peel Ply-Coarse,51%,16.5,7.4,8,76%,4%,24.9,95%,57.7,96%,36.6,93%,95,173,83%,166,82%,169,72%,82
Gearbox,Pro Power Elongated with 10 grams tungsten,$274.99,https://bit.ly/48vIn2p,Elongated,14,Toray Carbon Fiber,5.5,"1,827",122,5.67,Toray Carbon Fiber,,Used-3 months,0%,$274.99,Gen-3 Foam Enhanced,Peel Ply-Coarse,21%,16.5,7.4,8.5,84%,15%,24.3,74%,61.3,99%,37.4,97%,98,175,88%,172,94%,177,95%,91
Gearbox,Pro Power Fusion,$274.99,https://bit.ly/48vIn2p,Hybrid,14,Toray Carbon Fiber,5.5,"2,113",112,5.14,Toray Carbon Fiber,,New,0%,$274.99,Gen-3 Foam Enhanced,Peel Ply-Coarse,62%,16,7.4,8,34%,3%,24.2,67%,57.9,97%,36.8,94%,96,162,43%,160,48%,166,49%,45
Gearbox,Pro Ultimate Elongated,$274.99,https://bit.ly/48vIn2p,Elongated,16,Toray Carbon Fiber,5.5,"1,983",122.3,5.43,Toray Carbon Fiber,,New,0%,$274.99,Gen-3 Foam Enhanced,Peel Ply-Coarse,40%,16.5,7.4,7.9,89%,8%,25.6,99%,57.2,94%,35.3,64%,79,179,93%,169,89%,170,80%,90
Gentle Booms Sports,GBS-001,$49.99,JOHNKEW,Standard,11,Aluminum,5,"1,493",115,6.65,Aluminum Honeycomb,,New,10%,$44.99,Welded,Grit,8%,15.7,7.8,8.5,46%,69%,23.1,12%,51.9,5%,31.7,2%,3,162,42%,163,66%,171,81%,53
GRÜVN,LAZR-16S,$169.00,JOHNKEW,Standard,16,3K Kevlar-Carbon Fiber Weave,5.35,"2,213",106.2,7.09,Polypropylene Honeycomb,,New,10%,$152.10,Thermoformed,Peel Ply-Coarse,80%,15.9,8,8.1,13%,88%,23.1,12%,54.3,33%,35.2,59%,46,151,13%,154,19%,162,30%,17
GRÜVN,MÜVN-13S,$179.00,JOHNKEW,Wide Body,13,T700 Carbon Fiber,5.3,"1,846",101,6.35,Polypropylene Honeycomb,,New,10%,$161.10,Thermoformed,Peel Ply-Coarse,22%,15.7,8.1,7.9,5%,49%,22.5,3%,54.8,46%,36.4,90%,68,142,4%,147,6%,156,7%,5
GRÜVN,MÜVN-13X,$179.00,JOHNKEW,Elongated,13,T700 Carbon Fiber,5.5,"1,975",114,5.93,Polypropylene Honeycomb,,New,10%,$161.10,Thermoformed,Peel Ply-Coarse,38%,16.5,7.4,7.8,41%,28%,23.9,48%,55.4,61%,34.9,45%,53,161,40%,156,29%,161,22%,35
GRÜVN,MÜVN-16E,$179.00,JOHNKEW,Elongated,16,T700 Carbon Fiber,4.75,"1,862",118,6.35,Polypropylene Honeycomb,,New,10%,$161.10,Thermoformed,Peel Ply-Coarse,26%,16.5,7.4,8.3,66%,49%,23.8,42%,55,51%,34.9,45%,48,167,69%,165,74%,171,80%,71
GRÜVN,MÜVN-16H,$179.00,JOHNKEW,Elongated,16,T700 Carbon Fiber,5.88,"1,821",122,6.15,Polypropylene Honeycomb,,New,10%,$161.10,Thermoformed,Peel Ply-Fine,21%,16.5,7.4,8.2,84%,37%,24.2,67%,55.6,66%,35.7,76%,71,173,81%,166,81%,170,79%,80
GRÜVN,MÜVN-16S,$179.00,JOHNKEW,Wide Body,16,T700 Carbon Fiber,5.3,"2,002",103.9,6.8,Polypropylene Honeycomb,,New,10%,$161.10,Thermoformed,Peel Ply-Coarse,42%,15.7,8.1,8,7%,77%,22.7,6%,54.3,33%,35,50%,41,146,6%,150,10%,159,15%,8
GRÜVN,MÜVN-16X,$179.00,JOHNKEW,Elongated,16,T700 Carbon Fiber,5.5,"2,013",116.7,6.3,Polypropylene Honeycomb,,New,10%,$161.10,Thermoformed,Peel Ply-Fine,44%,16.5,7.4,8.2,58%,46%,23.7,33%,54.3,33%,34.2,26%,29,165,56%,162,65%,169,69%,60
GRÜVN,Raw-13R,$139.00,JOHNKEW,Wide Body,13,T700 Carbon Fiber,5.25,"2,171",96.8,6.51,Polypropylene Honeycomb,,New,10%,$125.10,Cold Layered,Peel Ply-Coarse,71%,15.6,8.2,7.6,1%,60%,22.7,6%,52.3,7%,34.6,36%,21,137,2%,143,3%,152,3%,2
GRÜVN,Raw-13S,$139.00,JOHNKEW,Wide Body,13,T700 Carbon Fiber,5.3,"2,255",106.4,6.8,Polypropylene Honeycomb,,New,10%,$125.10,Cold Layered,Peel Ply-Coarse,84%,15.7,8.1,7.8,14%,77%,23.5,24%,53.4,21%,34.9,45%,33,152,15%,152,14%,159,14%,15
GRÜVN,Raw-13V,$139.00,JOHNKEW,Wide Body,13,T700 Carbon Fiber,4.75,"1,965",99,6.8,Polypropylene Honeycomb,,New,10%,$125.10,Cold Layered,Peel Ply-Coarse,37%,15.5,8.1,7.7,3%,77%,22.8,9%,52.5,8%,34.8,42%,25,140,3%,144,4%,153,4%,3
GRÜVN,Raw-16H,$139.00,JOHNKEW,Elongated,16,T700 Carbon Fiber,5.88,"2,166",121,5.74,Polypropylene Honeycomb,,New,10%,$125.10,Cold Layered,Peel Ply-Coarse,71%,16.5,7.4,7.7,78%,20%,25,96%,52.6,9%,33.8,16%,12,173,81%,162,60%,164,38%,70
GRÜVN,Raw-16R,$139.00,JOHNKEW,Wide Body,16,T700 Carbon Fiber,5.25,"1,597",97.3,6.72,Polypropylene Honeycomb,,New,10%,$125.10,Cold Layered,Peel Ply-Coarse,11%,15.6,8.2,7.7,2%,73%,22.6,5%,52.6,9%,33.4,8%,9,137,3%,143,3%,153,4%,3
GRÜVN,Raw-16RX,$139.00,JOHNKEW,Elongated,16,T700 Carbon Fiber,6,"1,877",119,5.7,Polypropylene Honeycomb,,New,10%,$125.10,Cold Layered,Peel Ply-Coarse,28%,16.5,7.4,7.8,70%,16%,24.5,81%,52.8,13%,34.2,26%,19,169,71%,161,49%,164,37%,61
GRÜVN,Raw-16S,$139.00,JOHNKEW,Wide Body,16,T700 Carbon Fiber,5.3,"2,202",105.3,6.83,Polypropylene Honeycomb,,New,10%,$125.10,Cold Layered,Peel Ply-Coarse,76%,15.7,8.1,7.8,9%,81%,23.3,17%,54.1,28%,33.6,13%,20,149,10%,150,10%,157,10%,10
GRÜVN,Raw-16V,$139.00,JOHNKEW,Wide Body,16,T700 Carbon Fiber,4.75,"2,152",100.2,7.32,Polypropylene Honeycomb,,New,10%,$125.10,Cold Layered,Peel Ply-Coarse,68%,15.5,8.1,7.8,4%,96%,22.9,10%,52.9,16%,33.4,8%,12,142,5%,147,5%,155,6%,5
GRÜVN,Raw-16X,$139.00,JOHNKEW,Elongated,16,T700 Carbon Fiber,5.5,"2,152",122,6.07,Polypropylene Honeycomb,,New,10%,$125.10,Cold Layered,Peel Ply-Coarse,68%,16.5,7.4,8,84%,33%,24.5,81%,53.8,25%,33.8,16%,20,173,82%,165,75%,168,65%,78
GRYP,Balance 1 - 10g cap,$200.00,JOHNKEW,Elongated,15,T700 Carbon Fiber,5.5,"2,107",113,6.15,Polypropylene Honeycomb,,New,10%,$180.00,Thermoformed,Peel Ply-Coarse,59%,16.5,7.5,8.3,38%,37%,22.7,6%,54.6,39%,34.7,40%,39,157,26%,157,34%,166,46%,30
GRYP,Balance 1 - 30g cap,$200.00,JOHNKEW,Elongated,15,T700 Carbon Fiber,5.5,"2,042",114,6,Polypropylene Honeycomb,,New,10%,$180.00,Thermoformed,Peel Ply-Coarse,48%,16.5,7.5,8.9,41%,31%,21,1%,55.7,73%,35.7,76%,75,152,16%,157,31%,170,77%,27
Honolulu Pickleball Co.,J2K,$155.00,JOHNKEW-KEVLAR,Hybrid,16,Dupont Kevlar,5.5,"2,101",115.4,7,Polypropylene Honeycomb,,New,$20,$135.00,Thermoformed,Peel Ply-Coarse,58%,16.2,7.8,8.2,50%,86%,23.7,33%,55.5,64%,35.8,80%,72,164,48%,161,54%,167,60%,51
Honolulu Pickleball Co.,J2K Pro,$165.00,JOHNKEW-KEVLAR,Hybrid,16,Dupont Kevlar,5.5,"2,044",110,6.84,Polypropylene Honeycomb,,New,$20,$145.00,Thermoformed,Peel Ply-Coarse,49%,16.2,7.8,7.9,24%,81%,23.4,21%,55.6,66%,35.9,82%,74,155,23%,154,21%,161,23%,22
Honolulu Pickleball Co.,J2K with 10 grams tungsten tape,$155.00,JOHNKEW-KEVLAR,Hybrid,16,Dupont Kevlar,5.5,"2,101",113.4,7.35,Polypropylene Honeycomb,,New,$20,$135.00,Thermoformed,Peel Ply-Coarse,58%,16.2,7.8,8.4,39%,97%,23.3,17%,54.9,48%,35.2,59%,54,161,39%,162,62%,170,78%,50
Honolulu Pickleball Co.,J2K with 6 grams tungsten tape & 28-gram Slyce cap,$155.00,JOHNKEW-KEVLAR,Hybrid,16,Dupont Kevlar,5.5,"2,101",118.8,7.67,Polypropylene Honeycomb,,New,$20,$135.00,Thermoformed,Peel Ply-Coarse,58%,16.2,7.8,9.4,69%,100%,21.7,1%,55.6,66%,36,84%,75,163,45%,169,89%,182,99%,64
Honolulu Pickleball Co.,J3K,$165.00,JOHNKEW-KEVLAR,Standard,16,Dupont Kevlar,6,"1,959",115.9,7.23,Polypropylene Honeycomb,,New,$20,$145.00,Thermoformed,Peel Ply-Coarse,36%,16,8,8.2,52%,93%,23.9,48%,55,51%,36.2,87%,69,165,58%,163,67%,169,70%,62
Honolulu Pickleball Co.,J3K Pro,$165.00,JOHNKEW-KEVLAR,Standard,16,Dupont Kevlar,6,"1,973",111.6,7.05,Polypropylene Honeycomb,,New,$20,$145.00,Thermoformed,Peel Ply-Coarse,38%,16,8,8.1,33%,87%,23.5,24%,54.8,46%,35.9,82%,64,158,31%,158,37%,164,39%,34
Honolulu Pickleball Co.,J7K Pro,$165.00,JOHNKEW-KEVLAR,Standard,16,Dupont Kevlar,5.5,"2,285",116.9,6.14,Polypropylene Honeycomb,,New,$20,$145.00,Thermoformed,Peel Ply-Coarse,91%,16.6,7.3,8,60%,37%,23.9,48%,56,81%,35,50%,65,165,54%,160,46%,165,43%,51
Honolulu Pickleball Co.,Sword & Shield-J1,$166.50,JOHNKEW,Elongated,16,Toray Carbon Fiber,5.75,"1,880",127.8,6.9,Polypropylene Honeycomb,,New,10%,$149.85,Thermoformed,Peel Ply-Coarse,29%,16.5,7.5,8.8,97%,82%,24.1,61%,54.9,48%,34.3,29%,38,182,95%,178,99%,183,99%,97
Honolulu Pickleball Co.,Sword & Shield-J1H,$166.50,JOHNKEW,Elongated,16,Toray Carbon Fiber,5.75,"2,032",129.9,6.8,Polypropylene Honeycomb,,New,10%,$149.85,Thermoformed,Peel Ply-Coarse,47%,16.5,7.5,8.7,99%,77%,24,57%,56.9,91%,34.6,36%,64,183,97%,176,97%,180,97%,97
Honolulu Pickleball Co.,Sword & Shield-J2,$145.00,JOHNKEW,Hybrid,16,Toray Carbon Fiber,5.5,"1,714",117.7,6.55,Polypropylene Honeycomb,,New,10%,$130.50,Thermoformed,Peel Ply-Coarse,13%,16.2,7.8,8,65%,62%,24,57%,55.2,57%,34.4,31%,44,166,62%,161,51%,166,47%,57
Honolulu Pickleball Co.,Sword & Shield-J3,$130.50,JOHNKEW,Standard,16,Toray Carbon Fiber,6,"1,778",111.4,7,Polypropylene Honeycomb,,New,10%,$117.45,Thermoformed,Peel Ply-Coarse,17%,16,8,8,32%,86%,23.6,29%,55.1,55%,34.5,34%,45,158,30%,157,32%,163,36%,32
Honolulu Pickleball Co.,Sword & Shield-J5,$166.50,JOHNKEW,Elongated,16,Toray Carbon Fiber,5.75,"2,067",130.1,6.15,Polypropylene Honeycomb,,New,10%,$149.85,Thermoformed,Peel Ply-Coarse,52%,17,7,8.6,100%,37%,24.3,74%,55.7,73%,34.2,26%,50,184,97%,176,98%,180,96%,97
Hudef,Mage Pro,$99.00,JOHNKEW,Elongated,16,T700 Carbon Fiber,5.35,"2,004",119,6.4,Polypropylene Honeycomb,,New,15%,$84.15,Thermoformed,Peel Ply-Coarse,43%,16.5,7.4,8.1,70%,53%,24.2,67%,54.1,28%,34.1,22%,25,169,72%,163,70%,168,64%,71
Hudef,Mage Pro Gen 2,$169.99,JOHNKEW,Hybrid,14,Kevlar & Carbon Fiber,5.3,"2,056",108.6,6.6,Polypropylene Honeycomb,,New,15%,$144.49,Thermoformed,Peel Ply-Coarse,50%,16.1,7.8,7.9,22%,67%,23.8,42%,55.1,55%,34.8,42%,48,155,24%,155,26%,161,26%,25
Hudef,Viva Pro Gen1,$99.00,JOHNKEW,Elongated,16,T700 Carbon Fiber,5.5,"2,077",122,6.16,Polypropylene Honeycomb,,New,15%,$84.15,Thermoformed,Peel Ply-Coarse,53%,16.5,7.4,8.1,84%,39%,24.4,77%,52.1,6%,33.9,18%,12,173,82%,166,79%,169,73%,80
Hudef,Viva Pro Gen2,$129.99,JOHNKEW,Elongated,16,T700 Carbon Fiber,5.5,"2,060",128,6.5,Polypropylene Honeycomb,,New,15%,$110.49,Thermoformed,Peel Ply-Coarse,50%,16.5,7.4,8.1,97%,59%,25.3,98%,55.5,64%,34.8,42%,53,184,98%,172,95%,174,91%,96
Joola,Hyperion CAS,$159.95,JOHNKEW,Elongated,16,Fiberglass,5.5,"1,234",125,6.37,Polypropylene Honeycomb,,Used-2 months,10%,$143.96,Cold Layered,Grit,4%,16.5,7.5,8.3,92%,51%,24.5,81%,,,,,,178,91%,170,92%,174,92%,92
Joola,Hyperion CFS,$219.95,JOHNKEW,Elongated,16,Carbon Fiber,5.5,"1,725",127,6.57,Polypropylene Honeycomb,,New,10%,$197.96,Hybrid,Peel Ply-Coarse,14%,16.5,7.5,8.4,96%,64%,24.8,93%,51.6,3%,,,,183,96%,174,96%,177,95%,96
Joola,Hyperion CFS,$219.95,JOHNKEW,Elongated,16,Carbon Fiber,5.5,"1,333",127,6.57,Polypropylene Honeycomb,,Used-3 months,10%,$197.96,Hybrid,Peel Ply-Coarse,6%,16.5,7.5,8.4,96%,64%,24.8,93%,51.6,3%,,,,183,96%,174,96%,177,95%,96
Joola,Hyperion CFS Swift,$219.95,JOHNKEW,Elongated,16,Carbon Fiber,5.5,"1,420",,,Polypropylene Honeycomb,,New,10%,$197.96,Hybrid,Peel Ply-Coarse,7%,16.5,7.5,7.9,,,,,,,,,,,,,,,,
Joola,Magnus 3 Tyson McGuffin,$280.00,JOHNKEW,Elongated,14,Carbon Fiber,5,"2,425",114.7,6.05,Polypropylene + Foam,,New,10%,$252.00,Gen-3 Foam Enhanced,Peel Ply-Coarse,99%,16.5,7.5,8,45%,33%,24.1,61%,57.3,95%,37.2,95%,95,164,49%,160,45%,165,41%,47
Joola,Perseus 3 Ben Johns,$280.00,JOHNKEW,Elongated,14,Carbon Fiber,5.5,"2,193",116.9,5.83,Polypropylene + Foam,,New,10%,$252.00,Gen-3 Foam Enhanced,Peel Ply-Coarse,75%,16.5,7.5,8,59%,26%,24.2,67%,56.9,91%,38.3,99%,95,166,63%,161,54%,165,46%,58
Joola,Perseus 3 Ben Johns,$280.00,JOHNKEW,Elongated,16,Carbon Fiber,5.5,"2,487",119.2,6.08,Polypropylene + Foam,,New,10%,$252.00,Gen-3 Foam Enhanced,Peel Ply-Coarse,100%,16.5,7.5,8,72%,34%,24.2,67%,57.6,96%,37.3,96%,96,169,71%,162,63%,166,55%,67
Joola,Perseus MOD TA-15,$280.00,JOHNKEW,Elongated,16,Carbon Fiber,5.5,"2,243",119.2,6.12,Polypropylene + Foam,,New,10%,$252.00,Gen-3 Foam Enhanced,Peel Ply-Coarse,83%,16.5,7.5,8,72%,36%,24.6,88%,57.5,95%,36.9,95%,95,171,77%,165,76%,168,68%,76
Joola,Scorpeus 3 Anna Bright,$280.00,JOHNKEW,Standard,14,Carbon Fiber,5.25,"2,310",109.3,6.64,Polypropylene + Foam,,New,10%,$252.00,Gen-3 Foam Enhanced,Peel Ply-Coarse,93%,16,8,7.8,23%,68%,24,57%,56.9,91%,38.6,100%,96,156,26%,154,22%,160,15%,24
Joola,Scorpeus 3 Collin Johns,$280.00,JOHNKEW,Standard,16,Carbon Fiber,5.25,"2,115",111.7,6.94,Polypropylene + Foam,,New,10%,$252.00,Gen-3 Foam Enhanced,Peel Ply-Coarse,63%,16,8,8,33%,84%,23.7,33%,57,94%,38,98%,96,159,32%,157,32%,163,32%,32
Joola,Scorpeus Collin Johns,$249.95,JOHNKEW,Standard,16,Carbon Fiber,5.25,"1,889",114,6.95,Polypropylene Honeycomb,,New,10%,$224.96,Thermoformed,Peel Ply-Coarse,29%,16,8,8.1,41%,85%,23.9,48%,52.2,6%,34.1,22%,14,163,44%,160,47%,166,51%,46
Joola,Solaire,$189.95,JOHNKEW,Standard,14,Carbon Fiber,5.5,"1,917",,,Polypropylene Honeycomb,,New,10%,$170.96,Hybrid,Peel Ply-Coarse,33%,16,8,8.4,,,,,,,,,,,,,,,,
Joola,Solaire,$189.95,JOHNKEW,Standard,14,Carbon Fiber,5.5,"1,774",,,Polypropylene Honeycomb,,Used-1 month,10%,$170.96,Hybrid,Peel Ply-Coarse,17%,16,8,8.4,,,,,,,,,,,,,,,,
Komodo,Katana,$227.97,,Elongated,16,Kevlar 3K Cloth,5.25,"2,032",106.5,5.75,Polypropylene Honeycomb,,New,,$227.97,Cold Layered,Peel Ply-Coarse,47%,16.5,7.5,7.5,14%,20%,23.8,42%,53.9,26%,33.4,8%,17,151,14%,148,6%,154,5%,11
Komodo,Tonto 18K,,JOHNKEW,Elongated,14,18K Carbon Fiber,5.8,"1,854",100,5.32,Polypropylene Honeycomb,,New,10%,$0.00,Thermoformed,Peel Ply-Coarse,25%,16.5,7.4,7.1,4%,7%,23.3,17%,54.5,37%,35.3,64%,50,140,4%,138,2%,144,1%,3
Komodo,Tonto Unidirectional,,JOHNKEW,Elongated,14,T700 Carbon Fiber,5.8,"1,765",118.5,5.64,Polypropylene Honeycomb,,New,10%,$0.00,Thermoformed,Peel Ply-Coarse,17%,16.5,7.4,8.1,68%,14%,23.6,29%,54.8,46%,35.3,64%,55,166,60%,160,47%,166,49%,55
Legacy,Legacy Pro,$150.00,,Elongated,16,Toray Carbon Fiber,5.3,"1,913",121,6.43,Polypropylene Honeycomb,,New,,$150.00,Thermoformed,Peel Ply-Fine,32%,16.5,7.5,8,78%,55%,,,,,,,,,,,,,,
Maverix,Clash-15 All Court,$164.99,JOHNKEW,Hybrid,15,T700 Carbon Fiber,5.4,"2,161",117.2,6.55,Polypropylene Honeycomb,,New,15%,$140.24,Thermoformed,Peel Ply-Coarse,70%,16.2,7.7,8.1,63%,62%,23.9,48%,55.1,55%,35,50%,52,166,62%,162,63%,168,64%,63
Maverix,Clash-15 Pro,$179.99,JOHNKEW,Hybrid,15,Kevlar & Carbon Fiber,5.4,"1,986",116.2,6.42,Polypropylene Honeycomb,,New,15%,$152.99,Thermoformed,Peel Ply-Coarse,41%,16.2,7.7,8.2,55%,55%,23.9,48%,55.4,61%,35.1,54%,58,165,58%,162,62%,168,65%,60
Maverix,Havik-15 All Court,$164.99,JOHNKEW,Elongated,15,T700 Carbon Fiber,5.5,"2,028",117.2,6.36,Polypropylene Honeycomb,,New,15%,$140.24,Thermoformed,Peel Ply-Coarse,46%,16.5,7.5,8.2,63%,50%,23.9,48%,55,51%,35.1,54%,53,167,64%,163,69%,169,70%,66
Maverix,Havik-15 Pro,$179.99,JOHNKEW,Elongated,15,Kevlar & Carbon Fiber,5.5,"2,002",118.7,6.58,Polypropylene Honeycomb,,New,15%,$152.99,Thermoformed,Peel Ply-Coarse,42%,16.5,7.5,8.3,69%,65%,24.1,61%,55.6,66%,34.9,45%,55,170,75%,166,80%,171,84%,77
Monarch,Mercenary Graphite 2,$79.99,,Standard,10.3,Graphite,4.5,"1,099",108,,Polypropylene Honeycomb,,Used-3 months,,$79.99,Cold Layered,Grit,2%,15.5,8.2,7.8,20%,,,,,,,,,,,,,,,
Neonic,Flow,$119.99,JOHNKEW,Hybrid,16,Toray Carbon Fiber,5.5,"2,310",116.3,6.53,Polypropylene Honeycomb,,New,10%,$107.99,Thermoformed,Peel Ply-Coarse,93%,16.3,7.6,8.1,56%,61%,23.9,48%,54.9,48%,34.6,36%,42,165,57%,162,59%,168,63%,59
OM,Aero,$245.00,JOHNKEW,Wide Body,14,T700 Carbon Fiber,5,"1,584",106.7,6.48,Polypropylene Honeycomb,,New,10%,$220.50,Thermoformed,Grit,11%,15.8,8.2,7.9,15%,58%,23.5,24%,56.9,91%,36.3,87%,89,152,17%,154,17%,161,22%,18
Owl,Owl CXE,$169.00,,Elongated,16,Acoustene™ Composite,5.3,"2,380",118.5,5.51,Polypropylene Honeycomb,,New,,$169.00,Cold Layered,Acoustene™ Composite,98%,16.5,7.5,7.9,68%,9%,25.6,99%,54.7,42%,34.5,34%,38,175,88%,168,85%,170,74%,86
PaddleTek,Bantam TKO-C,$229.99,https://www.paddletek.com/6xAhP5,Elongated,12.7,Toray Carbon Fiber & Fiberglass,5.25,"2,314",113,6.55,Polypropylene Honeycomb,,New,10%,$206.99,Cold Layered,Peel Ply-Coarse,94%,16.5,7.5,7.7,37%,62%,24.4,77%,56.1,84%,37.2,95%,90,162,43%,157,34%,161,24%,38
PaddleTek,Bantam TKO-CX,$229.99,https://www.paddletek.com/6xAhP5,Elongated,14.3,Toray Carbon Fiber & Fiberglass,5.75,"2,293",121.7,6.38,Polypropylene Honeycomb,,New,10%,$206.99,Cold Layered,Peel Ply-Coarse,91%,16.5,7.5,7.9,83%,51%,25,96%,56.5,89%,36.4,90%,90,175,87%,165,77%,167,62%,81
PaddleTek,Tempest TKO-C,$209.99,https://www.paddletek.com/6xAhP5,Standard,14.3,Toray Carbon Fiber & Fiberglass,5.25,"2,204",124,6.59,Polypropylene Honeycomb,,New,10%,$188.99,Cold Layered,Peel Ply-Coarse,77%,16.5,7.5,8.3,91%,66%,24.6,88%,56.6,90%,36.4,90%,90,177,90%,170,91%,173,90%,91
PaddleTek,Tempest Wave Pro-C,$209.99,https://www.paddletek.com/6xAhP5,Standard,14.3,Toray Carbon Fiber & Fiberglass,5.25,"2,302",112.4,7.19,Polypropylene Honeycomb,,New,10%,$188.99,Cold Layered,Peel Ply-Coarse,92%,15.9,8,8.2,37%,92%,23.7,33%,55.5,64%,36.5,92%,78,161,38%,161,50%,168,63%,44
PCKL,Pro 13,$159.99,JOHNKEW,Hybrid,13,Toray Carbon Fiber,5.5,"1,834",120,5.91,Polypropylene Honeycomb,,New,10%,$143.99,Thermoformed,Peel Ply-Coarse,22%,16.3,7.5,8.1,76%,27%,23.2,14%,51.3,2%,32.3,4%,3,165,55%,159,42%,165,40%,49
PCKL,Pro 16,$159.99,JOHNKEW,Hybrid,16,Toray Carbon Fiber,5.5,"1,853",121,6.56,Polypropylene Honeycomb,,New,10%,$143.99,Thermoformed,Peel Ply-Coarse,24%,16.3,7.5,7.8,78%,64%,23.8,42%,52.8,13%,32.1,3%,8,167,68%,157,35%,161,25%,54
Pickleball Apes,Pro Line Energy,$149.99,JOHNKEW,Elongated,16.5,Kevlar & Carbon Fiber,6.25,"2,081",122,5.7,Polypropylene Narrow-Cell Honeycomb,,New,10%,$134.99,Thermoformed,Peel Ply-Coarse,55%,17,7,8.3,84%,16%,24.7,91%,55.3,59%,34.9,45%,52,177,90%,171,93%,175,93%,91
Pickleball Apes,Pro Line Energy S,$169.99,JOHNKEW,Elongated,16.5,Kevlar & Carbon Fiber,5.5,"2,192",118,6.34,Polypropylene Narrow-Cell Honeycomb,,New,10%,$152.99,Thermoformed,Peel Ply-Coarse,75%,16.4,7.6,8.1,66%,48%,24.2,67%,55.9,79%,35.6,74%,77,168,70%,164,71%,168,68%,70
PIKKL,Hurricane Pro,$159.99,JOHNKEW,Standard,14,T700 Carbon Fiber,5.5,"2,280",107.7,6.6,Polypropylene Honeycomb,,New,10%,$143.99,Thermoformed,Peel Ply-Coarse,90%,16,8,7.8,18%,67%,23.6,29%,55.7,73%,35.4,69%,71,153,19%,153,15%,159,14%,17
PIKKL,Hurricane Pro,$159.99,JOHNKEW,Standard,16,T700 Carbon Fiber,5.5,"2,404",108.6,6.79,Polypropylene Honeycomb,,New,10%,$143.99,Thermoformed,Peel Ply-Coarse,99%,16,8,7.8,21%,77%,23.9,48%,55.9,79%,35.2,59%,69,156,24%,155,23%,160,18%,23
PIKKL,Vantage Pro,$139.99,JOHNKEW,Elongated,14,Carbon Fiber,5.35,"2,367",111.5,6.19,Polypropylene Honeycomb,,New,10%,$125.99,Thermoformed,Peel Ply-Coarse,98%,16.3,7.5,7.9,32%,41%,23.8,42%,55.8,76%,35,50%,63,158,32%,156,30%,162,28%,31
PIKKL,Vantage Pro,$139.99,JOHNKEW,Elongated,16,Carbon Fiber,5.35,"2,260",121.2,6.64,Polypropylene Honeycomb,,New,10%,$125.99,Thermoformed,Peel Ply-Coarse,85%,16.3,7.5,8.4,81%,68%,23.9,48%,56,81%,34.8,42%,61,172,79%,168,86%,173,90%,82
ProDrive,Drive Carbon,$199.00,JOHNKEW,Elongated,19,Toray Carbon Fiber,5.3,"1,870",130,7.24,Polypropylene + Kevlar,,New,10%,$179.10,Thermoformed,Peel Ply-Coarse,28%,16.4,7.6,8.6,99%,94%,24.5,81%,55.6,66%,33.4,8%,37,185,99%,177,98%,180,97%,99
ProDrive,Encounter,$219.00,JOHNKEW,Elongated,16,T700 Carbon Fiber,5.5,"2,020",119.2,5.49,Polypropylene + Kevlar,,New,10%,$197.10,Thermoformed,Peel Ply-Coarse,45%,16.5,7.3,8.2,73%,9%,24.1,61%,56.7,90%,34.5,34%,62,169,73%,165,75%,170,75%,74
ProDrive,Ghost,$189.00,JOHNKEW,Elongated,16,Toray Carbon Fiber,5.3,"1,817",117,6.73,Kevlar,,New,10%,$170.10,Thermoformed,Peel Ply-Coarse,20%,16.4,7.6,8,60%,74%,23.9,48%,55.6,66%,35.1,54%,60,165,56%,160,46%,165,43%,52
ProKennex,Black Ace Pro,$250.00,JOHNKEW (at Pickleball Central),Standard,10,Toray Carbon Fiber,5.3,"1,848",105,6.17,Polypropylene Honeycomb,,New,10%,$225.00,Thermoformed,Peel Ply,23%,15.8,7.6,8.1,8%,40%,22.6,5%,54.5,37%,37.4,97%,67,147,7%,151,12%,161,19%,9
ProKennex,Black Ace Pro,$250.00,JOHNKEW (at Pickleball Central),Standard,10,Toray Carbon Fiber,5.3,"1,525",105,6.17,Polypropylene Honeycomb,,Used-3 months,10%,$225.00,Hot Molded,Peel Ply,9%,15.8,7.6,8.1,8%,40%,22.6,5%,54.5,37%,37.4,97%,67,147,7%,151,12%,161,19%,9
Prokennex,Pro Spin,$220.00,JOHNKEW (at Pickleball Central),Standard,11,Composit with Submerged Strings,5.12,"1,477",,,Polypropylene Honeycomb,,New,10%,$198.00,Unibody Edgeless,Grit,7%,15.7,7.6,7.6,,,,,,,,,,,,,,,,
PROLITE,K2 Power,$180.00,,Standard,14,Toray Carbon Fiber,4.75,"1,628",101,6.4,Polypropylene Honeycomb,,New,,$180.00,Thermoformed,Grit,12%,15.7,8.1,7.8,5%,53%,22.7,6%,54,27%,33.6,13%,20,142,5%,147,5%,156,7%,5
Proton,Series Four,,JOHNKEW,Elongated,16,3K Kevlar-Carbon Fiber Weave,5.5,"2,114",116.4,5.61,Polypropylene Honeycomb,,New,10%,$0.00,Thermoformed,Peel Ply-Coarse,63%,16.5,7.5,8,57%,13%,24.1,61%,56.4,88%,35.5,72%,80,166,59%,161,53%,166,50%,57
Proton,Series One-Type A,$280.00,JOHNKEW,Standard,11,Carbon Fiber,5.25,"2,112",114.5,6.75,Polypropylene Honeycomb,,New,10%,$252.00,Cold Layered,NanoTac,61%,15.8,8.3,8.1,45%,75%,24.1,61%,55.3,59%,36.6,93%,76,164,50%,161,56%,167,56%,52
Proton,Series One-Type A,$280.00,JOHNKEW,Standard,15,Carbon Fiber,5.25,"2,276",119.1,7.2,Polypropylene Honeycomb,,New,10%,$252.00,Cold Layered,NanoTac,89%,15.8,8.3,8.4,71%,92%,23.9,48%,54.8,46%,33.4,8%,27,170,74%,167,83%,173,89%,78
Proton,Series One-Type B,$280.00,JOHNKEW,Elongated,15,Carbon Fiber,5.25,"2,336",129.6,6.55,Nomex Honeycomb,,New,10%,$252.00,Thermoformed,NanoTac,96%,16.8,7.3,8.8,98%,62%,24.3,74%,56.1,84%,34.2,26%,55,185,98%,179,100%,184,100%,99
Proton,Series Three,$240.00,JOHNKEW,$192.00,15.6,Carbon Fiber,5.38,"1,755",122.5,6.72,Polypropylene Honeycomb,,New,10%,$216.00,Thermoformed,Peel Ply-Coarse,16%,16.5,7.5,8.2,89%,73%,24.5,81%,56.1,84%,33.7,15%,50,175,87%,168,86%,171,85%,87
Proton,Series Two,$220.00,JOHNKEW,$176.00,16.2,Carbon Fiber,5.38,"1,818",120.6,5.98,Polypropylene Honeycomb,,New,10%,$198.00,Thermoformed,Grit,21%,16.5,7.5,8.3,78%,31%,24.2,67%,53.1,17%,34.4,31%,24,172,80%,167,83%,172,86%,81
ProXR,Connor Garnett,$209.99,JOHNKEW,Elongated,14,T700 Carbon Fiber,6,"2,163",110,5.52,Polypropylene Honeycomb,,New,10%,$188.99,Thermoformed,Peel Ply-Coarse,70%,16.5,7.5,8.2,25%,10%,22.5,3%,54.1,28%,34.1,22%,25,152,17%,154,17%,163,32%,18
ProXR,Signature,$209.99,JOHNKEW,Elongated,16,T700 Carbon Fiber,6,"2,264",116.3,5.77,Polypropylene Honeycomb,,New,10%,$188.99,Thermoformed,Peel Ply-Coarse,87%,16.5,7.5,8.4,57%,22%,23.2,14%,55.8,76%,35.2,59%,68,163,46%,162,58%,169,71%,52
ProXR,Sweet Spot,$209.99,JOHNKEW,Standard,16,T700 Carbon Fiber,5.25,"2,169",115.6,6.98,Polypropylene Honeycomb,,New,10%,$188.99,Thermoformed,Peel Ply-Coarse,71%,16,8,8.4,51%,85%,23.5,24%,54.2,30%,35.3,64%,47,164,50%,164,73%,171,83%,60
ProXR,"Zane Navratil ""The Standard""",$209.99,JOHNKEW,Standard,14,T700 Carbon Fiber,5.25,"2,260",107,6.92,Polypropylene Honeycomb,,New,10%,$188.99,Thermoformed,Peel Ply-Coarse,85%,16,8,8.2,15%,84%,22.7,6%,54.6,39%,34.7,40%,39,150,12%,154,20%,163,34%,17
Reload,RLD 1-16,$200.00,JOHNKEW,Elongated,16,T700 Carbon Fiber,5.5,"2,108",125.7,6.54,Polypropylene Honeycomb,,New,10%,$180.00,Thermoformed,Peel Ply-Coarse,61%,16.5,7.5,8.3,94%,61%,24.6,88%,54.8,46%,34.9,45%,45,180,94%,172,93%,175,93%,94
Revolin,Revo Pro Pure Hybrid,$219.99,JOHNKEW,Hybrid,16,Basalt epoxy,5.25,"2,189",104.5,6.44,Polypropylene Honeycomb,,New,10%,$197.99,Cold Layered,Peel Ply-Coarse,75%,15.9,7.8,8.1,7%,56%,22.7,6%,56.4,88%,34.1,22%,55,147,6%,151,13%,161,20%,9
Revolin,Revo Pro Reach Hybrid,$219.99,JOHNKEW,Elongated,16,Basalt epoxy,6,"2,034",107.8,5.54,Polypropylene Honeycomb,,New,10%,$197.99,Cold Layered,Peel Ply-Coarse,48%,16.4,7.3,8,18%,10%,23,11%,56.9,91%,33.8,16%,54,151,15%,152,14%,160,17%,15
Revolin,Revo Reach Control,$189.00,,Elongated,16,Flax & Hemp,5.5,"1,056",,,Polypropylene Honeycomb,,New,,$189.00,Cold Layered,Grit,1%,16.5,7.5,7.9,,,,,,,,,,,,,,,,
Rokne,Republic 2.16 Standard,$209.99,JOHNKEW,Hybrid,16,Mitsubishi T700 Carbon Fiber,5.5,"1,176",126.2,6.5,Polypropylene Honeycomb,,New,10%,$188.99,Cold Layered,Grit,4%,16.3,7.5,8.4,95%,59%,24.6,88%,52.7,12%,32.8,6%,9,180,95%,173,96%,176,94%,95
Ronbus,EV1.16,$180.00,JOHNKEW,Elongated,16,Unknown,5.25,"1,148",117,5.94,EVA Foam,,New,10%,$162.00,Unibody Edgeless,Grit,2%,16.4,7.4,8.1,60%,30%,23.8,42%,58.8,97%,34.6,36%,67,165,57%,161,55%,167,56%,56
Ronbus,NOVA R1,$180.00,JOHNKEW,Elongated,16,Toray Carbon Fiber,5.5,"1,729",115,5.72,Polypropylene Honeycomb,,New,10%,$162.00,Thermoformed,Peel Ply-Fine,14%,16.5,7.5,7.7,46%,18%,24.5,81%,55.2,57%,34.8,42%,49,164,52%,158,37%,161,26%,45
Ronbus,NOVA R2,$180.00,JOHNKEW,Standard,16,Toray Carbon Fiber,5.5,"2,127",108.4,6.58,Polypropylene Honeycomb,,New,10%,$162.00,Thermoformed,Peel Ply-Coarse,64%,16,8,7.9,21%,65%,23.6,29%,54.4,34%,35.4,69%,51,154,21%,155,22%,161,25%,22
Ronbus,NOVA R3,$180.00,JOHNKEW,Elongated,16,Toray Carbon Fiber,5.5,"1,732",121,6.1,Polypropylene Honeycomb,,New,10%,$162.00,Thermoformed,Peel Ply-Fine,15%,16.5,7.5,8.1,78%,34%,24.4,77%,55.4,61%,34.8,42%,51,172,80%,166,78%,170,76%,79
Ronbus,Pulsar FX.R1,$180.00,JOHNKEW,Elongated,16,Toray Carbon Fiber,5.5,"2,264",121.2,6.21,Polypropylene Honeycomb,,New,10%,$162.00,Thermoformed,Peel Ply-Coarse,87%,16.5,7.5,8.2,81%,43%,24.4,77%,56,81%,35.4,69%,75,173,83%,168,85%,172,86%,84
Ronbus,Pulsar FX.R2,$180.00,JOHNKEW,Standard,16,Toray Carbon Fiber,5.5,"2,177",114.1,7.09,Polypropylene Honeycomb,,New,10%,$162.00,Thermoformed,Peel Ply-Coarse,73%,16,8,8.2,44%,88%,23.4,21%,54.6,39%,36.3,87%,63,161,37%,159,43%,166,48%,40
Ronbus,Pulsar FX.R3,$180.00,JOHNKEW,Elongated,16,Toray Carbon Fiber,5.5,"2,230",121.8,6.21,Polypropylene Honeycomb,,New,10%,$162.00,Thermoformed,Peel Ply-Coarse,82%,16.5,7.5,8.1,83%,43%,24.6,88%,55.6,66%,35.9,82%,74,174,86%,167,84%,171,81%,85
Ronbus,Pulsar R1,$180.00,JOHNKEW,Elongated,16,Toray Carbon Fiber,5.5,"1,915",116,6.21,Polypropylene Honeycomb,,New,10%,$162.00,Thermoformed,Peel Ply-Fine,32%,16.5,7.5,7.9,53%,43%,23.9,48%,54.7,42%,35.1,54%,48,164,48%,158,38%,163,34%,44
Ronbus,Pulsar R3,$180.00,JOHNKEW,Elongated,16,Toray Carbon Fiber,5.5,"1,970",125,6.47,Polypropylene Honeycomb,,New,10%,$162.00,Thermoformed,Peel Ply-Fine,38%,16.5,7.5,8.3,92%,58%,23.8,42%,54,27%,33.1,6%,16,174,86%,166,82%,171,83%,84
Ronbus,R1.16,$120.00,JOHNKEW,Elongated,16,Toray Carbon Fiber,5.5,"2,307",117,6.2,Polypropylene Honeycomb,,New,10%,$108.00,Cold Layered,Peel Ply-Coarse,92%,16.5,7.5,8.1,60%,42%,,,,,,,,,,,,,,
Ronbus,XPRO EV1.T700.R2,$180.00,JOHNKEW,Elongated,16,Toray Carbon Fiber,5.5,"2,280",112,5.7,EVA Foam,,New,10%,$162.00,Unibody Edgeless,Peel Ply-Fine,90%,16.5,7.5,7.9,34%,16%,23.5,24%,59.7,99%,,,,158,29%,155,25%,161,24%,27
Ronbus,XPRO EV1.T700.R3,$180.00,JOHNKEW,Elongated,16,Toray Carbon Fiber,5.5,"2,210",112,5.7,EVA Foam,,New,10%,$162.00,Unibody Edgeless,Peel Ply-Fine,80%,16.5,7.5,7.9,34%,16%,23.7,33%,59.6,98%,,,,159,33%,156,29%,162,29%,31
Selkirk,AMPED Control Invikta,$160.00,ADV-JOHNKEW,Elongated,16,Fiberglass,5.25,"1,855",119.4,5.93,Polypropylene Honeycomb,,New,Gift Card $10-$40,$160.00,Cold Layered,Grit,25%,16.5,7.4,8.2,74%,28%,24,57%,54.2,30%,34.1,22%,26,170,74%,165,76%,170,78%,75
Selkirk,Amped Pro Air Epic,$180.00,ADV-JOHNKEW,Standard,16,Fiberglass,5.25,"2,252",111.3,6.67,Polypropylene Honeycomb,,New,Gift Card $10-$40,$180.00,Unibody Edgeless,Grit,84%,15.8,8,8,31%,72%,24,57%,55.6,66%,35.3,64%,65,160,36%,159,41%,164,39%,38
Selkirk,Amped Pro Air Invikta,$180.00,ADV-JOHNKEW,Elongated,16,Fiberglass,5.25,"2,080",121.2,5.93,Polypropylene Honeycomb,,New,Gift Card $10-$40,$180.00,Unibody Edgeless,Grit,54%,16.5,7.5,8,81%,28%,24.8,93%,55.6,66%,35.6,74%,70,174,85%,166,80%,169,71%,82
Selkirk,Epic Vanguard,$200.00,ADV-JOHNKEW,Standard,16,Carbon Fiber,5.25,"1,285",,,Polypropylene Honeycomb,,New,Gift Card $10-$40,$200.00,Cold Layered,Grit,6%,15.8,8,7.9,,,,,,,,,,,,,,,,
Selkirk,Invikta Amped,$150.00,ADV-JOHNKEW,Elongated,16,Fiberglass,5.25,"1,220",109,,Polypropylene Honeycomb,,Used-3 months,Gift Card $10-$40,$150.00,Cold Layered,Grit,4%,16.5,7.4,7.3,22%,,,,,,,,,,,,,,,
Selkirk,Luxx Control Air Invikta,$250.00,ADV-JOHNKEW,Elongated,20,Fiberglass & Carbon Fiber,5.35,"2,229",120,5.96,Polypropylene Honeycomb,,New,Gift Card $10-$40,$250.00,Unibody Edgeless,Grit,82%,16.5,7.5,8.1,76%,30%,24.4,77%,51.6,3%,33.1,6%,4,171,78%,165,77%,169,74%,77
Selkirk,Project 003,$333.00,ADV-JOHNKEW,Standard,20,3K Woven Carbon Fiber,5.25,"1,903",,,Polypropylene Honeycomb,,New,Gift Card $10-$40,$333.00,Unibody Edgeless,Grit,31%,15.9,7.9,7.7,,,,,,,,,,,,,,,,
Selkirk,SLK Halo Power XL,$140.00,ADV-JOHNKEW,Elongated,13,T700 Carbon Fiber,5.75,"1,849",115,5.27,Polypropylene Honeycomb,,New,Gift Card $10-$40,$140.00,Cold Layered,Peel Ply-Coarse,24%,16.4,7.4,7.5,46%,5%,24.2,67%,51.9,5%,31.7,2%,3,162,41%,153,15%,156,8%,30
Selkirk,Vanguard Power Air Invikta,$250.00,ADV-JOHNKEW,Elongated,12.7,Fiberglass & Carbon Fiber,5.25,"2,176",106,5.31,Polypropylene Honeycomb,,New,Gift Card $10-$40,$250.00,Unibody Edgeless,Grit,73%,16.5,7.4,7.8,10%,6%,23.1,12%,52.6,9%,35.8,80%,45,149,9%,149,7%,157,9%,8
Selkirk,Vanguard Power Air Invikta,$250.00,ADV-JOHNKEW,Elongated,12.7,Fiberglass & Carbon Fiber,5.25,"1,172",106,5.31,Polypropylene Honeycomb,,Used-1 month,Gift Card $10-$40,$250.00,Unibody Edgeless,Grit,3%,16.5,7.4,7.8,10%,6%,23.1,12%,52.6,9%,35.8,80%,45,149,9%,149,7%,157,9%,8
Selkirk,Vanguard Power Air S2,$250.00,ADV-JOHNKEW,Standard,12.7,Fiberglass & Carbon Fiber,5.38,"2,077",,,Polypropylene Honeycomb,,New,Gift Card $10-$40,$250.00,Unibody Edgeless,Grit,53%,15.8,8,7.8,,,,,,,,,,,,,,,,
Six Zero,Black Diamond Power,$180.00,JOHNKEW,Hybrid,14,Fiberglass,5.5,"2,104",111.7,6.38,Polypropylene Honeycomb,,New,10%,$162.00,Thermoformed,Peel Ply-Coarse,59%,16.3,7.7,7.9,33%,51%,23.9,48%,56.8,91%,35.7,76%,84,159,36%,158,36%,163,35%,35
Six Zero,Double Black Diamond,$180.00,JOHNKEW,Hybrid,14,Toray Carbon Fiber,5.5,"2,077",112,6.33,Polypropylene Honeycomb,,New,10%,$162.00,Thermoformed,Peel Ply-Coarse,53%,16.3,7.7,8.1,34%,48%,23.6,29%,53.7,24%,35.1,54%,39,159,35%,159,41%,165,44%,37
Six Zero,Double Black Diamond,$180.00,JOHNKEW,Hybrid,16,Toray Carbon Fiber,5.5,"2,062",114,6.66,Polypropylene Honeycomb,,New,10%,$162.00,Thermoformed,Peel Ply-Fine,51%,16.3,7.7,8.1,41%,71%,23.9,48%,54.7,42%,33.6,13%,27,163,45%,161,51%,167,57%,48
Six Zero,Double Black Diamond (Early Batch),$180.00,JOHNKEW,Hybrid,16,Toray Carbon Fiber,5.5,"2,186",,,Polypropylene Honeycomb,,New,10%,$162.00,Thermoformed,Peel Ply-Coarse,74%,16.3,7.7,8.1,,,,,,,,,,,,,,,,
Six Zero,Infinity Black Diamond,$220.00,JOHNKEW,Hybrid,16,Toray Fiberglass,5.5,"2,273",106.2,5.7,Polypropylene Honeycomb,,New,10%,$198.00,Thermoformed,Peel Ply-Coarse,89%,16.3,7.7,8,13%,16%,23,11%,54.5,37%,35.2,59%,48,150,12%,152,13%,160,16%,12
Six Zero,Infinity Double Black Diamond,$220.00,JOHNKEW,Hybrid,16,Toray Carbon Fiber,5.5,"2,077",110,5.8,Polypropylene Honeycomb,,New,10%,$198.00,Thermoformed,Peel Ply-Coarse,53%,16.3,7.7,8.1,25%,24%,23.2,14%,53.6,23%,34.6,36%,29,155,23%,156,28%,164,37%,26
Six Zero,Quartz,,JOHNKEW,Standard,15,Carbon Fiber,5,"1,925",107.8,6.43,Polypropylene Honeycomb,,New,10%,$0.00,Cold Layered,Peel Ply-Coarse,33%,16,7.9,7.9,19%,55%,23.6,29%,53.5,22%,35.1,54%,38,154,21%,154,21%,161,23%,21
Six Zero,Ruby,$199.00,JOHNKEW,Hybrid,14,Dupont Kevlar,5.5,"2,124",114.1,6.5,Polypropylene Honeycomb,,New,10%,$179.10,Thermoformed,Peel Ply-Coarse,64%,16.3,7.7,8.2,44%,59%,23.7,33%,55.4,61%,35.9,82%,72,162,44%,161,49%,167,58%,47
Six Zero,Ruby,$199.00,JOHNKEW,Hybrid,16,Dupont Kevlar,5.5,"2,271",117,6.81,Polypropylene Honeycomb,,New,10%,$179.10,Thermoformed,Peel Ply-Coarse,88%,16.3,7.7,8.3,60%,80%,23.7,33%,55.6,66%,34.5,34%,50,166,61%,164,72%,170,77%,66
Six Zero,Triple Black Diamond (Willinator),$220.00,JOHNKEW,Elongated,15,18K Toray Carbon Fiber,6,"1,959",126,6.45,Polypropylene Honeycomb,,New,10%,$198.00,Thermoformed,Peel Ply-Coarse,36%,16.6,7.6,8.2,95%,57%,24.8,93%,54.7,42%,34.9,45%,43,180,94%,171,92%,174,92%,94
Six Zero,Black Diamond Power,$180.00,JOHNKEW,Hybrid,16,Toray Fiberglass,5.5,"2,217",116,6.76,Polypropylene Honeycomb,,New,10%,$162.00,Thermoformed,Peel Ply-Coarse,81%,16.3,7.7,8,53%,76%,23.7,33%,55.3,59%,34.6,36%,47,163,46%,159,42%,164,38%,44
Six Zero,Black Diamond Power (Early Batch),$180.00,JOHNKEW,Hybrid,16,Toray Fiberglass,5.5,"2,329",,,Polypropylene Honeycomb,,New,10%,$162.00,Thermoformed,Peel Ply-Coarse,94%,16.3,7.7,8.1,,,,,,,,,,,,,,,,
Spartus,Apollo,$129.99,JOHNKEW,Wide Body,16,Dupont Kevlar,5.5,"2,130",110.1,7.56,Polypropylene Honeycomb,,New,10%,$116.99,Thermoformed,Peel Ply-Coarse,65%,15.9,8.2,8.1,27%,100%,23.4,21%,54.4,34%,34.2,26%,30,156,25%,156,31%,163,36%,28
Speedup,Fire 14,$119.99,JOHNKEW,Elongated,14,Toray Carbon Fiber,6,"2,016",117,5.85,Polypropylene Honeycomb,,New,10%,$107.99,Thermoformed,Peel Ply-Coarse,45%,16.5,7.5,7.8,60%,26%,24.3,74%,54.7,42%,35.1,54%,48,166,61%,159,44%,163,35%,53
Speedup,Ice 16,$119.99,JOHNKEW,Elongated,16,Toray Carbon Fiber,6,"1,863",122,6.05,Polypropylene Honeycomb,,New,10%,$107.99,Thermoformed,Peel Ply-Coarse,26%,16.5,7.5,7.8,84%,33%,24.9,95%,54.9,48%,33.4,8%,28,174,84%,163,70%,165,45%,76
Standout,KC1,$195.00,,Elongated,16,Kevlar & Carbon Fiber,5.5,"2,042",119.4,5.59,Polypropylene Honeycomb,,New,,$195.00,Thermoformed,Peel Ply-Coarse,48%,16.5,7.5,8,74%,12%,24.5,81%,55.6,66%,34.9,45%,55,170,76%,163,69%,167,58%,72
Thrive,Azul (medium-light),$199.99,JOHNKEW,Hybrid,16,Kevlar & Carbon Fiber,5.5,"2,155",116.5,6.62,Polypropylene Honeycomb,,New,10%,$179.99,Thermoformed,Peel Ply-Coarse,69%,16.3,7.7,8.2,58%,68%,23.8,41%,55.6,66%,36.4,90%,78,165,55%,162,61%,168,67%,58
Thrive,Azul (medium),$199.99,JOHNKEW,Hybrid,16,Kevlar & Carbon Fiber,5.5,"2,144",117.3,6.65,Polypropylene Honeycomb,,New,10%,$179.99,Thermoformed,Peel Ply-Coarse,68%,16.3,7.7,8.2,64%,69%,23.9,48%,55.9,79%,35.3,64%,71,167,65%,164,71%,169,73%,67
Thrive,Surge,$199.99,JOHNKEW,Hybrid,16,Toray Carbon Fiber,5.3,"2,215",116.3,6.73,Polypropylene Honeycomb,,New,10%,$179.99,Thermoformed,Peel Ply-Coarse,81%,16.3,7.7,8,56%,74%,24.3,74%,55,51%,35.5,72%,62,167,65%,162,64%,167,59%,64
Vatic Pro,Flash,$139.99,JOHNKEW,Hybrid,14,Toray Carbon Fiber,5.3,"2,174",,,Polypropylene Honeycomb,,New,$10,$129.99,Thermoformed,Peel Ply-Fine,72%,16.3,7.7,8.1,,,,,,,,,,,,,,,,
Vatic Pro,Prism Flash,$99.99,JOHNKEW,Hybrid,16,Toray Carbon Fiber,5.3,"2,200",111,6.25,Polypropylene Honeycomb,,New,$10,$89.99,Hybrid,Peel Ply-Coarse,76%,16.3,7.7,7.8,29%,45%,24,57%,52.8,13%,33.4,8%,10,159,34%,156,30%,161,27%,32
Vatic Pro,V7,$139.99,JOHNKEW,Elongated,16,Toray Carbon Fiber,5.3,"1,981",124,6.68,Polypropylene Honeycomb,,New,$10,$129.99,Thermoformed,Peel Ply-Coarse,39%,16.5,7.5,8.2,91%,72%,23.2,14%,53.2,18%,33.4,8%,13,170,75%,161,57%,167,57%,68
Volair,Alto,$99.99,JOHNKEW,Elongated,14,Fiberglass,5.5,"1,798",110.3,5.75,Polypropylene Honeycomb,,New,10%,$89.99,Cold Layered,Grit,18%,16.5,7.5,7.7,28%,20%,24,57%,53.4,21%,34.6,36%,28,157,27%,153,16%,158,12%,22
Volair,Alto,$99.99,JOHNKEW,Elongated,16,Fiberglass,5.5,"1,737",119.8,6.2,Polypropylene Honeycomb,,New,10%,$89.99,Cold Layered,Grit,15%,16.5,7.5,8.2,75%,42%,24.4,77%,53.8,25%,34.1,22%,23,172,78%,166,81%,170,79%,79
Volair,Corto,$99.99,JOHNKEW,Wide Body,14,Fiberglass,5.5,"1,892",103.5,6.85,Polypropylene Honeycomb,,New,10%,$89.99,Cold Layered,Grit,30%,15.9,8.1,7.8,6%,82%,23.4,21%,53.2,18%,34.9,45%,32,148,8%,150,9%,157,11%,8
Volair,Corto,$99.99,JOHNKEW,Wide Body,16,Fiberglass,5.5,"1,984",110.1,7.1,Polypropylene Honeycomb,,New,10%,$89.99,Cold Layered,Grit,40%,15.9,8.1,8.1,27%,90%,23.8,42%,53.8,25%,33.6,13%,19,158,31%,158,40%,165,42%,35
Volair,Mach 1,$139.99,JOHNKEW,Elongated,16,T700 Carbon Fiber,5.5,"2,002",110,5.72,Polypropylene Honeycomb,,New,10%,$125.99,Cold Layered,Peel Ply-Coarse,42%,16.5,7.5,7.7,25%,18%,24,57%,52.8,13%,33.8,16%,14,157,27%,154,18%,159,13%,23
Volair,Mach 1,$139.99,JOHNKEW,Elongated,14,T700 Carbon Fiber,5.5,"2,123",114,5.92,Polypropylene Honeycomb,,New,10%,$125.99,Cold Layered,Peel Ply-Coarse,63%,16.5,7.5,8,41%,28%,24.2,67%,53.3,20%,34.1,22%,21,164,49%,161,52%,166,52%,50
Volair,Mach 1 Forza,$179.99,JOHNKEW,Elongated,14,T700 Carbon Fiber,5.5,"2,332",111,6.16,Polypropylene Honeycomb,,New,10%,$161.99,Thermoformed,Peel Ply-Coarse,96%,16.5,7.5,7.8,29%,39%,23.9,48%,52.8,13%,35,50%,31,158,30%,155,27%,161,20%,28
Volair,Mach 1 Forza,$179.99,JOHNKEW,Elongated,16,T700 Carbon Fiber,5.5,"2,205",115,6.4,Polypropylene Honeycomb,,New,10%,$161.99,Thermoformed,Peel Ply-Coarse,79%,16.5,7.5,8,46%,53%,24.1,61%,54.6,39%,35,50%,44,164,51%,161,50%,166,48%,50
Volair,Mach 2,$139.99,JOHNKEW,Wide Body,14,T700 Carbon Fiber,5.5,"2,345",105.3,6.75,Polypropylene Honeycomb,,New,10%,$125.99,Cold Layered,Peel Ply-Coarse,96%,15.9,8.1,7.8,9%,75%,23.3,17%,52.3,7%,34,20%,13,149,11%,151,11%,158,11%,11
Volair,Mach 2,$139.99,JOHNKEW,Wide Body,16,T700 Carbon Fiber,5.5,"2,329",107.2,6.9,Polypropylene Honeycomb,,New,10%,$125.99,Cold Layered,Peel Ply-Coarse,94%,15.9,8.1,8,17%,82%,23.4,21%,52.5,8%,33.2,8%,8,153,18%,155,25%,162,29%,21
Volair,Mach 2 Forza,$179.99,JOHNKEW,Wide Body,14,T700 Carbon Fiber,5.5,"2,236",107.7,6.8,Polypropylene Honeycomb,,New,10%,$161.99,Thermoformed,Peel Ply-Coarse,83%,15.9,8.1,7.8,17%,77%,23.7,33%,54,27%,35.3,64%,45,154,20%,154,19%,160,17%,20
Volair,Mach 2 Forza,$179.99,JOHNKEW,Wide Body,16,T700 Carbon Fiber,5.5,"2,330",113.4,7.3,Polypropylene Honeycomb,,New,10%,$161.99,Thermoformed,Peel Ply-Coarse,95%,15.9,8.1,8.1,39%,96%,23.8,42%,54.7,42%,34,20%,31,162,42%,160,48%,167,55%,45